time,temperature_2m (Â°C),wind_speed_10m (km/h),precipitation (mm),cloud_cover (%),visibility (m)
2025-01-01T00:00,4.7,4.6,0,99,20100
2025-01-01T01:00,3.5,4,0,95,20000
2025-01-01T02:00,2,6.5,0,98,17900
2025-01-01T03:00,1.7,5.5,0,4,14700
2025-01-01T04:00,3.6,12.2,0,99,14000
2025-01-01T05:00,4.1,11.3,0,100,13400
2025-01-01T06:00,6.1,19.3,0,100,14900
2025-01-01T07:00,7.2,18.1,0,100,11400
2025-01-01T08:00,6.7,14.6,5.2,100,4800
2025-01-01T09:00,7.3,15.8,4,99,12600
2025-01-01T10:00,7.2,15,1.5,100,12200
2025-01-01T11:00,7.6,13,0,100,12200
2025-01-01T12:00,7.5,10.4,6.6,100,13100
2025-01-01T13:00,7.3,8.2,1,100,7500
2025-01-01T14:00,7.3,7.4,0.4,100,200
2025-01-01T15:00,7.6,7.2,0.2,100,2000
2025-01-01T16:00,7.7,10.3,0,100,3200
2025-01-01T17:00,8.4,11.6,0,100,12600
2025-01-01T18:00,7.8,9,0,100,3200
2025-01-01T19:00,7.1,13.7,0,100,12400
2025-01-01T20:00,6.8,15.5,0,100,13500
2025-01-01T21:00,6.8,9.8,0,100,14300
2025-01-01T22:00,5.9,7.6,0,40,14500
2025-01-01T23:00,6.3,7.6,0,99,14500
2025-01-02T00:00,6.4,19.1,0,99,19000
2025-01-02T01:00,5.8,19.6,0.1,100,18800
2025-01-02T02:00,4.7,22.3,0,100,22000
2025-01-02T03:00,3.9,20.4,0,91,20100
2025-01-02T04:00,3.4,20.3,0,100,21000
2025-01-02T05:00,3.1,24.5,0,23,23100
2025-01-02T06:00,2.5,25.2,0,13,23600
2025-01-02T07:00,2.5,23.4,0,39,24600
2025-01-02T08:00,2.2,24.1,0,37,28300
2025-01-02T09:00,1.8,24,0,39,30000
2025-01-02T10:00,1.2,23.2,0,13,32000
2025-01-02T11:00,1,22.3,0,57,35600
2025-01-02T12:00,0.9,24.7,0,17,42400
2025-01-02T13:00,1,25.4,0,1,42500
2025-01-02T14:00,2,25.9,0,0,42800
2025-01-02T15:00,3.2,28.7,0,0,46200
2025-01-02T16:00,4.3,30.3,0,0,49000
2025-01-02T17:00,5.2,33.6,0,3,55900
2025-01-02T18:00,5.9,34.5,0,0,62200
2025-01-02T19:00,6.3,36.5,0,3,64100
2025-01-02T20:00,5.5,32.1,0,98,60500
2025-01-02T21:00,4.1,32.8,0,0,49200
2025-01-02T22:00,3.1,30,0,11,43500
2025-01-02T23:00,1.8,29.1,0,0,27800
2025-01-03T00:00,2,24.1,0,0,42400
2025-01-03T01:00,1.4,25.5,0,0,38400
2025-01-03T02:00,1.2,28.4,0,0,40700
2025-01-03T03:00,0.8,23.3,0,0,39600
2025-01-03T04:00,0.8,22.1,0,0,45300
2025-01-03T05:00,0.4,20.2,0,0,43600
2025-01-03T06:00,0,22.5,0,0,40600
2025-01-03T07:00,-0.2,24.8,0,0,40000
2025-01-03T08:00,-0.6,21.9,0,0,39600
2025-01-03T09:00,-0.4,24.5,0,0,40900
2025-01-03T10:00,-0.5,18.9,0,0,42300
2025-01-03T11:00,-0.5,21.4,0,4,44300
2025-01-03T12:00,-0.3,20.6,0,4,49300
2025-01-03T13:00,-0.1,16.1,0,2,42700
2025-01-03T14:00,1.3,21.9,0,2,41300
2025-01-03T15:00,2.2,29.3,0,99,47900
2025-01-03T16:00,2.9,29.5,0,37,47600
2025-01-03T17:00,3.5,30.1,0,45,51500
2025-01-03T18:00,3.3,28.5,0,45,51900
2025-01-03T19:00,3.3,28,0,40,53400
2025-01-03T20:00,2.8,26.8,0,18,52700
2025-01-03T21:00,1.8,21.7,0,12,55700
2025-01-03T22:00,0.6,13.9,0,1,53400
2025-01-03T23:00,-0.3,9.8,0,2,48300
2025-01-04T00:00,-0.7,12.5,0,0,48900
2025-01-04T01:00,-1,10,0,0,46900
2025-01-04T02:00,-1.1,11.8,0,0,45300
2025-01-04T03:00,-2,14,0,0,42800
2025-01-04T04:00,-2.9,10.9,0,0,41000
2025-01-04T05:00,-3,12.4,0,0,41700
2025-01-04T06:00,-3.5,11.9,0,0,37000
2025-01-04T07:00,-3.3,11.9,0,0,36700
2025-01-04T08:00,-3.4,16.2,0,0,41300
2025-01-04T09:00,-3.4,15.6,0,0,42300
2025-01-04T10:00,-3.4,15.7,0,0,41800
2025-01-04T11:00,-3.7,15.5,0,7,44100
2025-01-04T12:00,-4.1,11.6,0,72,37600
2025-01-04T13:00,-3.8,12.3,0,56,42300
2025-01-04T14:00,-3.2,23.6,0,99,37900
2025-01-04T15:00,-2,23.4,0,43,45100
2025-01-04T16:00,-1.4,25.3,0,40,45600
2025-01-04T17:00,-1,25.6,0,44,48000
2025-01-04T18:00,-0.9,27,0,46,51200
2025-01-04T19:00,-1.2,27.4,0,42,50500
2025-01-04T20:00,-1.9,25.7,0,22,48900
2025-01-04T21:00,-2.3,22.8,0,16,50200
2025-01-04T22:00,-3.5,18,0,6,45600
2025-01-04T23:00,-3.4,11.7,0,3,44400
2025-01-05T00:00,-3.5,13.3,0,17,45400
2025-01-05T01:00,-3,14.5,0,63,43000
2025-01-05T02:00,-2.6,14.7,0,33,39800
2025-01-05T03:00,-2.4,15.5,0,34,42600
2025-01-05T04:00,-2,16.5,0,99,42000
2025-01-05T05:00,-1.7,13.4,0,99,40200
2025-01-05T06:00,-2.2,15.7,0,4,40800
2025-01-05T07:00,-2.7,13.5,0,46,36200
2025-01-05T08:00,-2.7,16.5,0,28,37900
2025-01-05T09:00,-2.8,18.5,0,89,37900
2025-01-05T10:00,-3,11,0,73,37200
2025-01-05T11:00,-3.4,10.2,0,20,36300
2025-01-05T12:00,-3.4,7.3,0,99,34100
2025-01-05T13:00,-2.8,8.6,0,67,31600
2025-01-05T14:00,-1.4,16.1,0,80,34900
2025-01-05T15:00,-0.2,22.2,0,99,39600
2025-01-05T16:00,0.7,24.9,0,99,45700
2025-01-05T17:00,1,26.6,0,90,49000
2025-01-05T18:00,0.7,24.2,0,100,47700
2025-01-05T19:00,0.6,26.3,0,100,49800
2025-01-05T20:00,0,25.2,0,84,46500
2025-01-05T21:00,-0.2,24,0,99,51600
2025-01-05T22:00,-1.3,18.8,0,99,40200
2025-01-05T23:00,-2,19,0,95,37700
2025-01-06T00:00,-3.1,17.7,0,15,36800
2025-01-06T01:00,-3.9,23.5,0,0,41100
2025-01-06T02:00,-4.6,21.1,0,2,41100
2025-01-06T03:00,-5.4,19.9,0,0,37900
2025-01-06T04:00,-6.5,19.8,0,0,35300
2025-01-06T05:00,-6.9,19.6,0,0,35800
2025-01-06T06:00,-7.4,15.3,0,0,32000
2025-01-06T07:00,-7.7,16.3,0,0,33300
2025-01-06T08:00,-7.8,16.2,0,7,32400
2025-01-06T09:00,-7.8,16,0,7,32000
2025-01-06T10:00,-7.8,17,0,28,30000
2025-01-06T11:00,-8,17,0,93,27500
2025-01-06T12:00,-8.2,16.6,0,57,25200
2025-01-06T13:00,-7.4,15.2,0,93,27400
2025-01-06T14:00,-6.6,15,0,91,33000
2025-01-06T15:00,-5.8,15.5,0,96,33600
2025-01-06T16:00,-5.3,14.2,0,98,33700
2025-01-06T17:00,-4.8,13.7,0,98,36300
2025-01-06T18:00,-4.3,17,0,99,37400
2025-01-06T19:00,-3.9,14.4,0,99,44500
2025-01-06T20:00,-3.8,12.8,0,99,44100
2025-01-06T21:00,-3.8,12,0,30,41300
2025-01-06T22:00,-4.4,8.6,0,100,43200
2025-01-06T23:00,-5,6.2,0,44,41000
2025-01-07T00:00,-4.6,11,0,35,43700
2025-01-07T01:00,-5.9,15.7,0,0,40000
2025-01-07T02:00,-6.8,13.9,0,3,37700
2025-01-07T03:00,-7.6,12.2,0,74,34000
2025-01-07T04:00,-8.2,17.9,0,53,30400
2025-01-07T05:00,-8.8,16.1,0,8,30500
2025-01-07T06:00,-9.1,21.3,0,6,31000
2025-01-07T07:00,-9.5,20.8,0,1,29900
2025-01-07T08:00,-9.6,20.2,0,0,28800
2025-01-07T09:00,-9.5,18.3,0,0,28300
2025-01-07T10:00,-9.3,20.5,0,0,29600
2025-01-07T11:00,-9.2,17.4,0,0,28700
2025-01-07T12:00,-9.3,19.2,0,0,28300
2025-01-07T13:00,-8.4,20.4,0,13,29900
2025-01-07T14:00,-6.9,24,0,56,33300
2025-01-07T15:00,-6.1,27.7,0,99,37400
2025-01-07T16:00,-5,27.4,0,66,42500
2025-01-07T17:00,-4.7,28.6,0,75,41600
2025-01-07T18:00,-4,32.1,0,37,39700
2025-01-07T19:00,-3.8,29.1,0,19,41200
2025-01-07T20:00,-3.4,28,0,7,42100
2025-01-07T21:00,-3.9,25.7,0,1,44700
2025-01-07T22:00,-4.6,26.7,0,3,43600
2025-01-07T23:00,-4.8,24.9,0,3,46700
2025-01-08T00:00,-5.2,24.4,0,10,42300
2025-01-08T01:00,-5.3,21.9,0,29,41700
2025-01-08T02:00,-5.5,21.7,0,1,41500
2025-01-08T03:00,-5.9,20.1,0,1,36200
2025-01-08T04:00,-6.1,21,0,1,36300
2025-01-08T05:00,-6.1,22.1,0,0,36900
2025-01-08T06:00,-5.9,21.6,0,0,38100
2025-01-08T07:00,-5.8,20.9,0,0,37100
2025-01-08T08:00,-6.1,22.1,0,0,35800
2025-01-08T09:00,-6.4,22.1,0,0,35900
2025-01-08T10:00,-6.5,21.6,0,0,34900
2025-01-08T11:00,-6.5,21.2,0,12,34700
2025-01-08T12:00,-6.9,22.2,0,5,32700
2025-01-08T13:00,-6.5,25.2,0,1,36600
2025-01-08T14:00,-5.2,28.4,0,2,38300
2025-01-08T15:00,-4.1,32.3,0,2,42500
2025-01-08T16:00,-2.7,32.2,0,3,48800
2025-01-08T17:00,-2.1,34.9,0,11,49500
2025-01-08T18:00,-1.6,34.2,0,38,51000
2025-01-08T19:00,-1.6,32.1,0,41,51700
2025-01-08T20:00,-2.1,31.8,0,8,54300
2025-01-08T21:00,-3.2,27.2,0,83,51800
2025-01-08T22:00,-3.9,31,0,99,48500
2025-01-08T23:00,-4.9,28.3,0,23,45400
2025-01-09T00:00,-5,28.8,0,100,46000
2025-01-09T01:00,-6.1,23.6,0,100,43700
2025-01-09T02:00,-6.8,27.7,0,100,39600
2025-01-09T03:00,-7.9,26,0,94,35700
2025-01-09T04:00,-8.6,22.7,0,20,33900
2025-01-09T05:00,-8.7,23,0,29,34500
2025-01-09T06:00,-8.6,22.1,0,18,36300
2025-01-09T07:00,-8.5,21.7,0,3,35800
2025-01-09T08:00,-8.4,21.8,0,1,35500
2025-01-09T09:00,-8.2,21.8,0,0,35300
2025-01-09T10:00,-7.9,24.7,0,50,35900
2025-01-09T11:00,-8.1,25,0,81,28600
2025-01-09T12:00,-7.3,26.1,0,47,35000
2025-01-09T13:00,-6.9,27.9,0,17,33900
2025-01-09T14:00,-6.3,29.3,0,99,32800
2025-01-09T15:00,-6.1,30.1,0,99,34500
2025-01-09T16:00,-4.7,31.4,0,33,34600
2025-01-09T17:00,-4.9,33,0,99,32600
2025-01-09T18:00,-4,33.2,0,93,38300
2025-01-09T19:00,-3.8,33,0,98,36500
2025-01-09T20:00,-3.6,31.3,0,6,39900
2025-01-09T21:00,-4.3,30.1,0,30,37700
2025-01-09T22:00,-4.7,28.9,0,99,36000
2025-01-09T23:00,-4.5,30.4,0,13,37800
2025-01-10T00:00,-5,28.8,0,0,38400
2025-01-10T01:00,-5,27.9,0,0,37500
2025-01-10T02:00,-5.1,28.5,0,35,34900
2025-01-10T03:00,-5.1,25.8,0,1,36000
2025-01-10T04:00,-5.3,28.2,0,2,31500
2025-01-10T05:00,-5.2,24.9,0,0,34000
2025-01-10T06:00,-4.8,26,0,0,34900
2025-01-10T07:00,-4.6,26.9,0,0,30800
2025-01-10T08:00,-4.5,21.1,0,0,32100
2025-01-10T09:00,-4.4,18.5,0,0,34800
2025-01-10T10:00,-4.4,17.1,0,0,33200
2025-01-10T11:00,-4.5,19.5,0,0,28000
2025-01-10T12:00,-4.9,14.5,0,0,28000
2025-01-10T13:00,-4.6,15.6,0,0,28200
2025-01-10T14:00,-2.3,18.3,0,100,200
2025-01-10T15:00,-1,20.9,0,0,35800
2025-01-10T16:00,1.5,23.6,0,2,41000
2025-01-10T17:00,3.3,21.8,0,3,45000
2025-01-10T18:00,4.3,23,0,2,48900
2025-01-10T19:00,5.1,21.6,0,2,54900
2025-01-10T20:00,5.3,19.7,0,0,58400
2025-01-10T21:00,4.2,15.9,0,100,64700
2025-01-10T22:00,1.8,7.7,0,0,55700
2025-01-10T23:00,0.1,7.4,0,0,48000
2025-01-11T00:00,-0.8,5.6,0,0,48000
2025-01-11T01:00,-2,5.4,0,98,43500
2025-01-11T02:00,-2.5,3.8,0,99,30300
2025-01-11T03:00,-2.2,5.2,0,99,42800
2025-01-11T04:00,-2.2,6.2,0,99,32000
2025-01-11T05:00,-2,4.7,0,99,39800
2025-01-11T06:00,-1.8,5.9,0,99,32500
2025-01-11T07:00,-1.9,3.7,0,99,32000
2025-01-11T08:00,-1.8,2.6,0,99,30400
2025-01-11T09:00,-2,1.9,0,99,23900
2025-01-11T10:00,-1.3,2.1,0,100,25200
2025-01-11T11:00,-1.6,4.5,0,100,1400
2025-01-11T12:00,-2,4.6,0.8,100,1100
2025-01-11T13:00,-2.4,6,0.8,100,3200
2025-01-11T14:00,-1.6,8.5,0.7,100,2600
2025-01-11T15:00,-1.5,5.4,0.2,100,13000
2025-01-11T16:00,-1.1,10.6,0.3,100,3300
2025-01-11T17:00,-0.7,10.9,0.6,100,4800
2025-01-11T18:00,-1,15.6,1.1,100,1400
2025-01-11T19:00,-1.2,14,0.3,100,1800
2025-01-11T20:00,-1.5,15.3,0,100,16000
2025-01-11T21:00,-2,11.1,0.2,100,15500
2025-01-11T22:00,-2.5,13.6,0.2,100,3000
2025-01-11T23:00,-3.1,11.2,0,88,14700
2025-01-12T00:00,-2.3,13.9,0,65,17100
2025-01-12T01:00,-2.9,8.6,0,99,17100
2025-01-12T02:00,-2.9,9.8,0,100,17800
2025-01-12T03:00,-3.6,11.3,0,100,17500
2025-01-12T04:00,-3.5,11.7,0,70,17600
2025-01-12T05:00,-4.5,13.2,0,7,18900
2025-01-12T06:00,-4.7,15.3,0,0,21100
2025-01-12T07:00,-4.9,16.5,0,0,22500
2025-01-12T08:00,-4.9,18.9,0,0,23600
2025-01-12T09:00,-4.9,16.4,0,0,21600
2025-01-12T10:00,-5.1,14,0,0,21200
2025-01-12T11:00,-5.3,11.8,0,9,19700
2025-01-12T12:00,-5.4,9.7,0,3,19300
2025-01-12T13:00,-5.2,7.6,0,0,18900
2025-01-12T14:00,-3.1,11.7,0,100,22500
2025-01-12T15:00,-1.9,14.1,0,1,25900
2025-01-12T16:00,-0.8,15,0,0,28500
2025-01-12T17:00,0.9,15.9,0,11,31600
2025-01-12T18:00,1.6,12.8,0,32,34400
2025-01-12T19:00,2,14.7,0,6,45100
2025-01-12T20:00,2.2,9.8,0,0,47500
2025-01-12T21:00,1.5,5.1,0,0,50000
2025-01-12T22:00,0.6,1.5,0,0,57000
2025-01-12T23:00,-1.2,4.7,0,0,32700
2025-01-13T00:00,-1.4,4.3,0,0,31400
2025-01-13T01:00,-2.4,3.4,0,6,27300
2025-01-13T02:00,-2.9,5.4,0,36,29400
2025-01-13T03:00,-2.9,4.5,0,74,25000
2025-01-13T04:00,-3.3,2.9,0,9,20400
2025-01-13T05:00,-3.1,2.2,0,18,22300
2025-01-13T06:00,-3.4,6,0,98,22400
2025-01-13T07:00,-3.2,4.4,0,99,22800
2025-01-13T08:00,-3,5.2,0,98,24900
2025-01-13T09:00,-2,1.8,0,84,43600
2025-01-13T10:00,-3.1,4,0,98,22500
2025-01-13T11:00,-3.9,3.6,0,0,20400
2025-01-13T12:00,-4.5,5.5,0,2,17800
2025-01-13T13:00,-4.3,2.9,0,1,19000
2025-01-13T14:00,-1.1,2.6,0,0,20500
2025-01-13T15:00,1.8,2.6,0,0,27900
2025-01-13T16:00,3.8,7.6,0,37,34000
2025-01-13T17:00,4.3,8.5,0,59,44600
2025-01-13T18:00,4.7,6.2,0,34,45100
2025-01-13T19:00,5.2,9.2,0,23,44900
2025-01-13T20:00,5.4,11.3,0,20,46500
2025-01-13T21:00,4.9,8.9,0,19,57600
2025-01-13T22:00,3,6,0,51,49500
2025-01-13T23:00,2.5,2,0,62,48800
2025-01-14T00:00,1,9.9,0,100,44600
2025-01-14T01:00,0.8,8.6,0,100,32000
2025-01-14T02:00,0.1,12.6,0,8,31000
2025-01-14T03:00,-0.5,11.8,0,4,29800
2025-01-14T04:00,-1.4,12.1,0,0,38600
2025-01-14T05:00,-2.2,10.1,0,0,32600
2025-01-14T06:00,-2.4,12.5,0,0,32800
2025-01-14T07:00,-2.1,17.7,0,0,38900
2025-01-14T08:00,-2.4,14.7,0,0,36600
2025-01-14T09:00,-2.7,10.2,0,0,28900
2025-01-14T10:00,-3,9,0,0,26200
2025-01-14T11:00,-2.9,8.9,0,5,31400
2025-01-14T12:00,-3.1,13.7,0,22,35000
2025-01-14T13:00,-2.5,18.4,0,49,37200
2025-01-14T14:00,-1,21.4,0,26,40700
2025-01-14T15:00,0.1,26,0,19,44300
2025-01-14T16:00,0.6,26.3,0,10,48900
2025-01-14T17:00,1.2,27.8,0,9,52600
2025-01-14T18:00,1.1,27.1,0,31,56300
2025-01-14T19:00,0.8,25.9,0,41,56900
2025-01-14T20:00,0.2,23.5,0,13,53300
2025-01-14T21:00,-1.1,24.5,0,0,49900
2025-01-14T22:00,-3.3,20.7,0,39,51200
2025-01-14T23:00,-3.4,19.2,0,75,52400
2025-01-15T00:00,-3.5,21.5,0,1,47200
2025-01-15T01:00,-3.9,20.3,0,78,46900
2025-01-15T02:00,-4.3,20.7,0,3,42900
2025-01-15T03:00,-4.1,19.4,0,100,44100
2025-01-15T04:00,-4.5,19.8,0,100,37400
2025-01-15T05:00,-5,17.7,0,19,40500
2025-01-15T06:00,-5.3,17,0,7,35100
2025-01-15T07:00,-5.5,16.2,0,6,36300
2025-01-15T08:00,-5.6,15.3,0,13,35800
2025-01-15T09:00,-5.8,16.9,0,0,34200
2025-01-15T10:00,-6,16.6,0,0,33800
2025-01-15T11:00,-6.2,12.8,0,0,34700
2025-01-15T12:00,-6.3,15.8,0,0,33500
2025-01-15T13:00,-5.8,16.4,0,0,30300
2025-01-15T14:00,-4.4,20.9,0,3,35900
2025-01-15T15:00,-3.3,26.1,0,5,38400
2025-01-15T16:00,-2.3,28,0,9,39800
2025-01-15T17:00,-1.5,26.9,0,21,43900
2025-01-15T18:00,-1.2,26.4,0,22,46600
2025-01-15T19:00,-1.1,25.1,0,2,48500
2025-01-15T20:00,-1.5,22.6,0,42,47500
2025-01-15T21:00,-2.4,23.4,0,2,48500
2025-01-15T22:00,-3.5,15.9,0,71,48000
2025-01-15T23:00,-3.9,13.5,0,75,46400
2025-01-16T00:00,-4,13.9,0,56,47800
2025-01-16T01:00,-4.7,6.9,0,99,45900
2025-01-16T02:00,-5.1,9.7,0,34,40800
2025-01-16T03:00,-5.8,9,0,16,39800
2025-01-16T04:00,-6.8,7.1,0,10,33500
2025-01-16T05:00,-7.2,8.5,0,1,31300
2025-01-16T06:00,-7.6,7.7,0,0,29300
2025-01-16T07:00,-8.2,4.8,0,0,25500
2025-01-16T08:00,-8.6,6,0,0,26000
2025-01-16T09:00,-9,6.6,0,0,25000
2025-01-16T10:00,-9.1,7.2,0,0,23800
2025-01-16T11:00,-9.4,7.4,0,0,23400
2025-01-16T12:00,-10,7.8,0,0,20100
2025-01-16T13:00,-8.7,8.7,0,3,18700
2025-01-16T14:00,-5.9,9.7,0,14,20200
2025-01-16T15:00,-3.5,12.9,0,76,27100
2025-01-16T16:00,-1.5,12.4,0,96,40000
2025-01-16T17:00,-1.1,9.5,0,68,43700
2025-01-16T18:00,-0.6,14.2,0,75,48400
2025-01-16T19:00,-0.7,11.3,0,90,45200
2025-01-16T20:00,-0.5,11.2,0,99,43900
2025-01-16T21:00,-1,7.6,0,18,47600
2025-01-16T22:00,-2.2,6.2,0,96,46100
2025-01-16T23:00,-2.4,7.6,0,99,41000
2025-01-17T00:00,-2.6,9.4,0,99,41500
2025-01-17T01:00,-3.3,7.8,0,90,36100
2025-01-17T02:00,-3.8,9,0,99,31700
2025-01-17T03:00,-3.8,6.1,0,99,21400
2025-01-17T04:00,-4.3,4.2,0,100,19800
2025-01-17T05:00,-4.8,3.1,0,86,17700
2025-01-17T06:00,-5.4,3.9,0,57,19200
2025-01-17T07:00,-6.2,4.7,0,36,17400
2025-01-17T08:00,-6.9,4.7,0,1,14800
2025-01-17T09:00,-7.5,6.4,0,3,14700
2025-01-17T10:00,-7.7,5.4,0,32,14600
2025-01-17T11:00,-8.2,7.2,0,47,15400
2025-01-17T12:00,-8.7,7.2,0,50,15000
2025-01-17T13:00,-7.4,7.9,0,26,15600
2025-01-17T14:00,-4.8,8.4,0,2,18500
2025-01-17T15:00,-2.6,13.2,0,0,25100
2025-01-17T16:00,-0.4,11,0,2,33300
2025-01-17T17:00,1,10,0,0,39200
2025-01-17T18:00,1.9,8.9,0,0,45700
2025-01-17T19:00,2.5,10.6,0,0,51900
2025-01-17T20:00,2.6,8,0,0,53900
2025-01-17T21:00,1.8,5.8,0,0,54900
2025-01-17T22:00,-0.7,6.5,0,0,50000
2025-01-17T23:00,-2.5,5.4,0,0,41500
2025-01-18T00:00,-2.9,3.5,0,0,27800
2025-01-18T01:00,-3.3,3.9,0,0,28600
2025-01-18T02:00,-3.5,4.7,0,0,27900
2025-01-18T03:00,-4,4.3,0,0,24800
2025-01-18T04:00,-4.5,5.4,0,0,24800
2025-01-18T05:00,-4.7,4.5,0,20,22800
2025-01-18T06:00,-4.3,6.5,0,2,25600
2025-01-18T07:00,-3.7,7.4,0,0,21000
2025-01-18T08:00,-3,8.4,0,17,17300
2025-01-18T09:00,-2.3,9.1,0,20,19000
2025-01-18T10:00,-2.1,9.9,0,1,17600
2025-01-18T11:00,-1.8,9.1,0,55,15500
2025-01-18T12:00,-2,8,0,55,18900
2025-01-18T13:00,-1.2,7.2,0,67,18100
2025-01-18T14:00,1.8,10.7,0,98,20100
2025-01-18T15:00,4.2,14.5,0,94,24800
2025-01-18T16:00,5.4,16.9,0,100,25600
2025-01-18T17:00,6.9,20.2,0,100,27700
2025-01-18T18:00,6.7,21.7,0,100,25500
2025-01-18T19:00,6.3,21.5,0,100,22400
2025-01-18T20:00,5.6,17.8,0.3,98,21700
2025-01-18T21:00,4.8,13.2,0,100,18100
2025-01-18T22:00,4.2,7.4,0.1,100,12900
2025-01-18T23:00,3.7,2.9,1.1,100,4300
2025-01-19T00:00,3.5,8.7,1.9,100,6200
2025-01-19T01:00,3.8,6.2,0.8,100,12200
2025-01-19T02:00,4.3,4.3,1.1,100,12300
2025-01-19T03:00,4.5,3,0.5,100,12200
2025-01-19T04:00,5,2.7,0,100,12200
2025-01-19T05:00,4.3,7.8,0,100,200
2025-01-19T06:00,3.8,5,0,100,12700
2025-01-19T07:00,3.5,8.4,0,4,13400
2025-01-19T08:00,3.5,8,0,8,13400
2025-01-19T09:00,3,7.2,0,1,14100
2025-01-19T10:00,1.8,6.9,0,0,13800
2025-01-19T11:00,1.1,7.6,0,1,13600
2025-01-19T12:00,0.6,6.8,0,0,13800
2025-01-19T13:00,0.9,6.5,0,3,14000
2025-01-19T14:00,3,10.1,0,0,14700
2025-01-19T15:00,4.9,10.1,0,3,16500
2025-01-19T16:00,6,13.6,0,7,20400
2025-01-19T17:00,6.5,11.5,0,5,23700
2025-01-19T18:00,7,5.7,0,13,26600
2025-01-19T19:00,6.9,8.3,0,100,26300
2025-01-19T20:00,6.3,9.2,0,4,28200
2025-01-19T21:00,4.8,12.1,0,100,22800
2025-01-19T22:00,3.7,7.8,0.3,100,18600
2025-01-19T23:00,3.2,7.9,0,100,15700
2025-01-20T00:00,2.2,13,1,100,3600
2025-01-20T01:00,1.2,18.4,1.6,100,2900
2025-01-20T02:00,-0.1,19.1,2,100,1000
2025-01-20T03:00,-0.6,19.5,1,100,700
2025-01-20T04:00,-1.4,16.6,2.2,100,900
2025-01-20T05:00,-1.7,15.3,1.5,100,1700
2025-01-20T06:00,-2.3,17.2,0.4,100,8600
2025-01-20T07:00,-3.8,18,0,100,14100
2025-01-20T08:00,-5.3,22.4,0.3,100,7500
2025-01-20T09:00,-6.4,23.2,0.9,100,5900
2025-01-20T10:00,-6.7,22.8,0.8,100,8900
2025-01-20T11:00,-7.1,21.3,0.1,99,16600
2025-01-20T12:00,-8.2,17.6,0,99,18900
2025-01-20T13:00,-7.9,18.5,0,14,20300
2025-01-20T14:00,-7.5,21.4,0,2,23100
2025-01-20T15:00,-6.4,21.5,0,0,28700
2025-01-20T16:00,-5.7,20.4,0,3,32600
2025-01-20T17:00,-5.1,22.7,0,0,37800
2025-01-20T18:00,-4.4,22.1,0,0,43700
2025-01-20T19:00,-4.2,20.8,0,0,43400
2025-01-20T20:00,-4.5,18.8,0,49,46600
2025-01-20T21:00,-5,17.2,0,99,46800
2025-01-20T22:00,-6.1,13.8,0,28,41500
2025-01-20T23:00,-6.8,12.6,0,0,42700
2025-01-21T00:00,-7.6,9.9,0,0,35600
2025-01-21T01:00,-8.2,8.1,0,0,30400
2025-01-21T02:00,-8.9,8.6,0,0,30200
2025-01-21T03:00,-9.6,8.7,0,1,29000
2025-01-21T04:00,-10.4,7,0,1,26600
2025-01-21T05:00,-10.7,6.9,0,0,25500
2025-01-21T06:00,-10.9,7.7,0,2,24100
2025-01-21T07:00,-11.3,7.3,0,1,24800
2025-01-21T08:00,-11.7,7.6,0,0,26200
2025-01-21T09:00,-12.4,4,0,0,22400
2025-01-21T10:00,-12.8,6.6,0,1,20800
2025-01-21T11:00,-12.7,6.3,0,2,20400
2025-01-21T12:00,-13,7.3,0,0,21400
2025-01-21T13:00,-12.4,9.7,0,0,22100
2025-01-21T14:00,-10.3,9.9,0,2,28600
2025-01-21T15:00,-9.2,14.4,0,2,32100
2025-01-21T16:00,-7.8,12.4,0,66,40000
2025-01-21T17:00,-6.9,16.4,0,98,46600
2025-01-21T18:00,-7,16.4,0,97,50200
2025-01-21T19:00,-6.7,14.2,0,98,48800
2025-01-21T20:00,-7,13.3,0,76,48700
2025-01-21T21:00,-7.4,11.2,0,98,45200
2025-01-21T22:00,-8.3,7.4,0,98,40500
2025-01-21T23:00,-8.9,5.9,0,97,40300
2025-01-22T00:00,-8.9,4.6,0,97,36100
2025-01-22T01:00,-9.2,4.7,0,98,28300
2025-01-22T02:00,-9.6,4.7,0,95,35600
2025-01-22T03:00,-9.9,9.6,0,95,36700
2025-01-22T04:00,-10.1,7.1,0,95,35900
2025-01-22T05:00,-10.8,6.4,0,95,32100
2025-01-22T06:00,-11.7,8.9,0,78,34900
2025-01-22T07:00,-12.7,8.1,0,0,35400
2025-01-22T08:00,-13.5,10,0,0,34600
2025-01-22T09:00,-14.4,9.8,0,2,30800
2025-01-22T10:00,-14.7,9.5,0,1,28100
2025-01-22T11:00,-14.8,6.4,0,3,25700
2025-01-22T12:00,-15,8,0,4,29500
2025-01-22T13:00,-14.2,10.2,0,0,33600
2025-01-22T14:00,-12,12.8,0,0,38500
2025-01-22T15:00,-9.6,11.2,0,0,39600
2025-01-22T16:00,-7.7,10.8,0,0,48100
2025-01-22T17:00,-6.7,11,0,0,56600
2025-01-22T18:00,-6.3,9,0,0,69000
2025-01-22T19:00,-6.1,6.8,0,0,70700
2025-01-22T20:00,-6.1,6.2,0,0,72000
2025-01-22T21:00,-6.6,4.3,0,0,74300
2025-01-22T22:00,-8.2,5.4,0,0,69200
2025-01-22T23:00,-9.7,8.2,0,1,58900
2025-01-23T00:00,-10,3.8,0,51,55600
2025-01-23T01:00,-10.2,3.3,0,44,55200
2025-01-23T02:00,-10.1,7.8,0,98,43800
2025-01-23T03:00,-9.6,8.7,0,99,39700
2025-01-23T04:00,-9.8,8.1,0,37,46100
2025-01-23T05:00,-10.6,5.3,0,4,44300
2025-01-23T06:00,-11.5,3.9,0,0,38000
2025-01-23T07:00,-11.6,5.9,0,6,34000
2025-01-23T08:00,-11.4,6.9,0,0,41900
2025-01-23T09:00,-11.6,6.5,0,1,34800
2025-01-23T10:00,-10.8,7.5,0,98,37700
2025-01-23T11:00,-10.8,5.8,0,98,41900
2025-01-23T12:00,-10.4,4.8,0,100,41600
2025-01-23T13:00,-9.2,4.8,0,98,42700
2025-01-23T14:00,-7.7,6.2,0,98,42700
2025-01-23T15:00,-5.8,10.1,0,68,47600
2025-01-23T16:00,-4.2,12.6,0,4,44700
2025-01-23T17:00,-3,13.5,0,100,49900
2025-01-23T18:00,-2.4,15.8,0,96,47700
2025-01-23T19:00,-1.7,16.5,0,100,48400
2025-01-23T20:00,-1.9,15.8,0,97,45400
2025-01-23T21:00,-2.5,12.4,0,28,48600
2025-01-23T22:00,-3.9,10.2,0,7,38900
2025-01-23T23:00,-4.5,7.6,0,1,32400
2025-01-24T00:00,-5.6,2.6,0,6,26300
2025-01-24T01:00,-6.5,6.6,0,0,24800
2025-01-24T02:00,-7.2,7.6,0,0,32800
2025-01-24T03:00,-8.4,6.9,0,3,19100
2025-01-24T04:00,-8.4,9.8,0,1,19000
2025-01-24T05:00,-8.6,9.2,0,0,29700
2025-01-24T06:00,-9.3,7.1,0,0,27300
2025-01-24T07:00,-9.8,7.5,0,0,25100
2025-01-24T08:00,-10.1,6.9,0,0,23700
2025-01-24T09:00,-10.3,7.1,0,2,25800
2025-01-24T10:00,-10.2,7.1,0,1,28100
2025-01-24T11:00,-10.8,7.8,0,1,29500
2025-01-24T12:00,-10.5,8,0,0,27600
2025-01-24T13:00,-9,9.6,0,0,27200
2025-01-24T14:00,-6.3,8,0,100,30100
2025-01-24T15:00,-4,12.1,0,100,37400
2025-01-24T16:00,-2.3,11.2,0,4,39400
2025-01-24T17:00,-1.4,11.9,0,4,40500
2025-01-24T18:00,-0.9,10,0,0,48600
2025-01-24T19:00,-0.8,11.9,0,0,47900
2025-01-24T20:00,-1,11.3,0,0,54300
2025-01-24T21:00,-2,12.2,0,0,56700
2025-01-24T22:00,-3.6,9,0,5,51700
2025-01-24T23:00,-4.6,7.9,0,0,47800
2025-01-25T00:00,-5.1,10.6,0,0,49000
2025-01-25T01:00,-5.7,3.4,0,0,47900
2025-01-25T02:00,-7,7.7,0,0,41400
2025-01-25T03:00,-8.2,5,0,0,35100
2025-01-25T04:00,-9.2,5.4,0,0,24000
2025-01-25T05:00,-9.4,7,0,0,32900
2025-01-25T06:00,-10.6,6.5,0,0,18700
2025-01-25T07:00,-11.2,6.6,0,3,16400
2025-01-25T08:00,-11.8,4.7,0,7,16000
2025-01-25T09:00,-12.7,5.1,0,100,200
2025-01-25T10:00,-12.1,6,0,5,15500
2025-01-25T11:00,-12.3,7.3,0,50,18000
2025-01-25T12:00,-12.5,9.1,0,2,17800
2025-01-25T13:00,-11.1,2.6,0,5,17500
2025-01-25T14:00,-7.5,6.2,0,10,21200
2025-01-25T15:00,-4.4,9.7,0,6,40600
2025-01-25T16:00,-2.8,19,0,14,51200
2025-01-25T17:00,-2.4,18.7,0,25,48200
2025-01-25T18:00,-1.9,19.3,0,15,49600
2025-01-25T19:00,-1.4,18.2,0,4,50200
2025-01-25T20:00,-1.6,15.5,0,1,46700
2025-01-25T21:00,-2,13,0,12,48800
2025-01-25T22:00,-3.4,11.5,0,31,42800
2025-01-25T23:00,-3.7,11,0,5,44100
2025-01-26T00:00,-4.2,10.2,0,14,44600
2025-01-26T01:00,-4.9,8.6,0,0,41800
2025-01-26T02:00,-5.3,11,0,0,46100
2025-01-26T03:00,-5.3,9.9,0,0,43600
2025-01-26T04:00,-5.8,10.3,0,0,38100
2025-01-26T05:00,-5.4,10,0,0,45800
2025-01-26T06:00,-5.8,8.9,0,0,38300
2025-01-26T07:00,-5.7,6.8,0,96,34000
2025-01-26T08:00,-5.7,6.8,0,96,36100
2025-01-26T09:00,-6.2,5.9,0,96,34100
2025-01-26T10:00,-6,5.1,0,96,28200
2025-01-26T11:00,-5.7,5.8,0,75,27600
2025-01-26T12:00,-5.3,7.9,0,98,23100
2025-01-26T13:00,-4.2,8.1,0,94,22200
2025-01-26T14:00,-0.9,11.7,0,87,27800
2025-01-26T15:00,2.3,19.8,0,99,39900
2025-01-26T16:00,4.9,23.4,0,5,45100
2025-01-26T17:00,5.4,31.8,0,15,51800
2025-01-26T18:00,5.3,31.1,0,31,53600
2025-01-26T19:00,5,26.5,0,32,52700
2025-01-26T20:00,5.1,29.5,0,10,59000
2025-01-26T21:00,4.2,23.4,0,0,55300
2025-01-26T22:00,2.7,20.5,0,0,56300
2025-01-26T23:00,1.6,19.7,0,9,60300
2025-01-27T00:00,0.7,18.3,0,6,58600
2025-01-27T01:00,-0.4,13.9,0,0,57600
2025-01-27T02:00,-1.1,12.3,0,0,52300
2025-01-27T03:00,-1.8,9.2,0,0,48900
2025-01-27T04:00,-1.8,10,0,0,52200
2025-01-27T05:00,-2.3,8.2,0,0,49400
2025-01-27T06:00,-2.7,7.1,0,0,45800
2025-01-27T07:00,-3.1,6.9,0,0,44600
2025-01-27T08:00,-4,6.4,0,0,44700
2025-01-27T09:00,-4.5,6.9,0,0,35000
2025-01-27T10:00,-4.3,5.8,0,0,37600
2025-01-27T11:00,-4.9,4.3,0,1,40300
2025-01-27T12:00,-5.2,7.5,0,0,50600
2025-01-27T13:00,-3.7,8.2,0,100,47900
2025-01-27T14:00,-1.2,16.6,0,100,46300
2025-01-27T15:00,0.6,22.4,0,0,47500
2025-01-27T16:00,1.8,24,0,0,50000
2025-01-27T17:00,3,26.2,0,0,56200
2025-01-27T18:00,3.8,27.8,0,0,58000
2025-01-27T19:00,4.5,28.5,0,0,60000
2025-01-27T20:00,4.6,28.6,0,0,59100
2025-01-27T21:00,4.1,24,0,1,59900
2025-01-27T22:00,2.4,23.7,0,1,58100
2025-01-27T23:00,1.4,19.9,0,98,61300
2025-01-28T00:00,0.3,21.2,0,98,50200
2025-01-28T01:00,0.4,22.3,0,99,53300
2025-01-28T02:00,0.8,24.2,0,98,58300
2025-01-28T03:00,1.3,22.7,0,12,67600
2025-01-28T04:00,1.3,22.4,0,0,60300
2025-01-28T05:00,1.3,21.9,0,0,53500
2025-01-28T06:00,1.3,21.7,0,0,48400
2025-01-28T07:00,1.8,19.3,0,19,54800
2025-01-28T08:00,2.2,18.7,0,100,58100
2025-01-28T09:00,2,17.2,0,98,64200
2025-01-28T10:00,2.1,14.7,0,67,63500
2025-01-28T11:00,2.2,17.5,0,44,64900
2025-01-28T12:00,2.1,17.9,0,100,66700
2025-01-28T13:00,2.4,21.3,0,98,64600
2025-01-28T14:00,3.9,30,0,9,55000
2025-01-28T15:00,4.3,34.7,0,40,51800
2025-01-28T16:00,3.4,37.5,0,21,55700
2025-01-28T17:00,3.4,44.1,0,31,71000
2025-01-28T18:00,2.3,36.4,0,46,73400
2025-01-28T19:00,1.4,32.5,0,44,69000
2025-01-28T20:00,0.3,24.7,0,23,70800
2025-01-28T21:00,-0.4,19.4,0,3,72700
2025-01-28T22:00,-2.2,9.4,0,0,71100
2025-01-28T23:00,-4.6,10,0,85,69300
2025-01-29T00:00,-4.8,10.2,0,97,69800
2025-01-29T01:00,-5.4,12.8,0,86,61900
2025-01-29T02:00,-5.6,7.9,0,90,63300
2025-01-29T03:00,-5.3,7.2,0,98,61600
2025-01-29T04:00,-4.7,1.3,0,99,60400
2025-01-29T05:00,-4.2,4,0,86,55000
2025-01-29T06:00,-5.5,5.7,0.3,100,5400
2025-01-29T07:00,-5.4,10,0.7,100,5200
2025-01-29T08:00,-5.3,7.9,0.6,100,3000
2025-01-29T09:00,-4.9,6,0.1,100,15600
2025-01-29T10:00,-4.8,1.3,0.5,100,10000
2025-01-29T11:00,-3.8,6.6,0.1,6,17700
2025-01-29T12:00,-5.1,4,0,69,16800
2025-01-29T13:00,-3.8,3.9,0,96,16300
2025-01-29T14:00,-1.6,9.7,0,53,19900
2025-01-29T15:00,1.2,14,0,40,33000
2025-01-29T16:00,4,13.6,0,37,39400
2025-01-29T17:00,7.1,14.7,0,97,43900
2025-01-29T18:00,9.1,22,0,57,51600
2025-01-29T19:00,8,30.8,0,99,40300
2025-01-29T20:00,5.8,26.8,0,99,25300
2025-01-29T21:00,6.1,27.9,0,99,36000
2025-01-29T22:00,3.7,31.7,0,100,34100
2025-01-29T23:00,3.2,38.8,0,0,54600
2025-01-30T00:00,0.7,34,0,0,55000
2025-01-30T01:00,0.6,29.6,0,0,62600
2025-01-30T02:00,-0.2,24.9,0,0,58600
2025-01-30T03:00,-1.1,31.3,0,6,57500
2025-01-30T04:00,-1.3,28.8,0,100,49200
2025-01-30T05:00,-3.1,18.8,0,95,45500
2025-01-30T06:00,-5,20.3,0,0,48000
2025-01-30T07:00,-6.2,13.2,0,2,42100
2025-01-30T08:00,-7.4,11.1,0,0,41800
2025-01-30T09:00,-8.5,13.1,0,1,35700
2025-01-30T10:00,-8.1,17.9,0,3,43800
2025-01-30T11:00,-8.6,11.9,0,13,39400
2025-01-30T12:00,-9.2,10.2,0,47,37000
2025-01-30T13:00,-8,6,0,34,36900
2025-01-30T14:00,-5.8,12.7,0,36,37900
2025-01-30T15:00,-4.8,20.7,0,24,45700
2025-01-30T16:00,-3.7,23.8,0,2,51200
2025-01-30T17:00,-3,23.9,0,2,57700
2025-01-30T18:00,-2.5,23.8,0,29,59700
2025-01-30T19:00,-2.1,24.9,0,2,63400
2025-01-30T20:00,-2.3,25.2,0,3,61900
2025-01-30T21:00,-2.9,18.9,0,0,60600
2025-01-30T22:00,-5,7.8,0,0,56600
2025-01-30T23:00,-6.3,7.7,0,0,53100
2025-01-31T00:00,-7.2,7.6,0,2,50900
2025-01-31T01:00,-7.4,8.1,0,0,50400
2025-01-31T02:00,-7.6,7.2,0,0,47600
2025-01-31T03:00,-7.4,5.9,0,13,44300
2025-01-31T04:00,-6.7,6.9,0,14,45700
2025-01-31T05:00,-5.9,7.9,0,88,42400
2025-01-31T06:00,-5.4,8.6,0,95,43300
2025-01-31T07:00,-4.8,8.6,0,96,43800
2025-01-31T08:00,-4.6,9.4,0,95,42000
2025-01-31T09:00,-3.6,7.7,0,95,39100
2025-01-31T10:00,-3.1,8,0,95,30400
2025-01-31T11:00,-3.3,6.3,0,95,25500
2025-01-31T12:00,-2.4,9,0,99,22800
2025-01-31T13:00,-1.2,7.6,0,100,18200
2025-01-31T14:00,2.8,8,0,99,17900
2025-01-31T15:00,5.1,13.5,0,99,17700
2025-01-31T16:00,6,15.6,0,98,17000
2025-01-31T17:00,5.6,15.3,0.3,98,8000
2025-01-31T18:00,5.3,11.7,1.1,100,6500
2025-01-31T19:00,5.7,7.7,1.2,100,6700
2025-01-31T20:00,4.9,1.4,1,100,8100
2025-01-31T21:00,4.2,3.1,0.1,100,12400
2025-01-31T22:00,3.8,0.4,0.5,100,4000
2025-01-31T23:00,3.4,5,2.4,100,200
2025-02-01T00:00,1.4,2.7,1.4,100,200
2025-02-01T01:00,2,4.4,1.1,100,200
2025-02-01T02:00,2.1,4.7,2,100,3900
2025-02-01T03:00,1.7,5.8,1.5,100,7100
2025-02-01T04:00,1.2,9.4,1.7,100,5900
2025-02-01T05:00,1,9.1,0.5,100,2900
2025-02-01T06:00,0.9,9.4,0.4,100,13200
2025-02-01T07:00,0.7,10.2,0.2,100,12200
2025-02-01T08:00,0.9,8.9,0,100,12600
2025-02-01T09:00,0.5,15,0,100,12500
2025-02-01T10:00,0,16.2,0.2,100,13500
2025-02-01T11:00,-0.2,16.5,0,100,13900
2025-02-01T12:00,-0.5,16.4,0,100,13600
2025-02-01T13:00,-0.7,15.4,0,100,12900
2025-02-01T14:00,-1.1,15.1,0.1,100,12900
2025-02-01T15:00,-1.1,17.1,0.4,100,12400
2025-02-01T16:00,-2.6,17.9,0.6,100,16600
2025-02-01T17:00,-2.8,16.8,0.5,100,8000
2025-02-01T18:00,-3,16.6,0,100,18000
2025-02-01T19:00,-2.6,24.5,0,87,25700
2025-02-01T20:00,-2.9,22.2,0,100,30000
2025-02-01T21:00,-3.8,23.2,0,0,32900
2025-02-01T22:00,-5.3,15.6,0,0,38100
2025-02-01T23:00,-6,16.9,0,0,43600
2025-02-02T00:00,-7,15.6,0,100,43500
2025-02-02T01:00,-7.7,18.6,0,100,37000
2025-02-02T02:00,-8.5,18.6,0,47,37600
2025-02-02T03:00,-9.3,16.2,0,45,38600
2025-02-02T04:00,-10.2,13.6,0,0,37000
2025-02-02T05:00,-11.1,11.2,0,0,35800
2025-02-02T06:00,-11.6,11.2,0,0,33800
2025-02-02T07:00,-12.3,8.9,0,51,1000
2025-02-02T08:00,-13,7.2,0,0,28800
2025-02-02T09:00,-13.7,5.2,0,0,26800
2025-02-02T10:00,-13.9,6.4,0,2,27500
2025-02-02T11:00,-14.3,6.2,0,14,23900
2025-02-02T12:00,-14.7,4.6,0,11,21500
2025-02-02T13:00,-13.5,8,0,7,22600
2025-02-02T14:00,-11,7.5,0,40,1000
2025-02-02T15:00,-8.6,7.8,0,75,25800
2025-02-02T16:00,-6.7,5.1,0,22,25000
2025-02-02T17:00,-5,3.8,0,61,22900
2025-02-02T18:00,-4.5,6.2,0,90,19100
2025-02-02T19:00,-4.2,5.6,0,98,18400
2025-02-02T20:00,-3.8,6.5,0,84,22000
2025-02-02T21:00,-3.9,6.5,0,100,19700
2025-02-02T22:00,-4.5,6,0,100,22100
2025-02-02T23:00,-4.3,7.6,0,98,23800
2025-02-03T00:00,-4.4,10.2,0,98,21300
2025-02-03T01:00,-3.8,10,0,99,20600
2025-02-03T02:00,-2.7,12.3,0,100,21000
2025-02-03T03:00,-2.6,11.6,0,100,5100
2025-02-03T04:00,-2.7,10.5,0.3,100,2000
2025-02-03T05:00,-2.4,7.9,0.8,100,1300
2025-02-03T06:00,-2,5.6,0.6,100,2900
2025-02-03T07:00,-2.1,6.5,0.2,100,12800
2025-02-03T08:00,-1.6,8.9,0.1,100,12800
2025-02-03T09:00,-1.6,4.6,0.2,100,12900
2025-02-03T10:00,-1.6,4.4,0,100,12700
2025-02-03T11:00,-1.7,5.4,0,100,13300
2025-02-03T12:00,-1.9,5.4,0,100,14400
2025-02-03T13:00,-1.2,7.6,0,80,13200
2025-02-03T14:00,0.3,7.4,0,50,14700
2025-02-03T15:00,1.7,9,0,100,16700
2025-02-03T16:00,2.5,5.9,0,50,17800
2025-02-03T17:00,4,7.4,0,100,21300
2025-02-03T18:00,4.6,10.8,0,100,23200
2025-02-03T19:00,5.7,12.6,0,58,24900
2025-02-03T20:00,6,13.8,0,25,24300
2025-02-03T21:00,5.5,11.9,0,44,23400
2025-02-03T22:00,4.2,11.9,0,1,21000
2025-02-03T23:00,3.3,11.3,0,99,19600
2025-02-04T00:00,3.8,14.4,0,98,20800
2025-02-04T01:00,3.6,16.7,0,98,19000
2025-02-04T02:00,3.4,17.8,0,98,20200
2025-02-04T03:00,3.8,20.7,0,98,19400
2025-02-04T04:00,3.9,18.1,0,100,19700
2025-02-04T05:00,3.9,12.8,0,98,17300
2025-02-04T06:00,4.8,16.3,0,71,18800
2025-02-04T07:00,4.9,11.3,0,15,18400
2025-02-04T08:00,4.5,14.3,0,100,17500
2025-02-04T09:00,3.7,9.2,0,97,18000
2025-02-04T10:00,3.3,6,0,17,18300
2025-02-04T11:00,1.6,5.2,0,84,16900
2025-02-04T12:00,1,10.1,0,100,19100
2025-02-04T13:00,1.7,9.8,0,100,19000
2025-02-04T14:00,3.1,13.2,0,7,24100
2025-02-04T15:00,3.9,23.2,0,100,28100
2025-02-04T16:00,4.9,26.6,0,50,42100
2025-02-04T17:00,4.9,26.8,0,3,49400
2025-02-04T18:00,5.2,27.4,0,45,49200
2025-02-04T19:00,4.5,33.1,0,38,52200
2025-02-04T20:00,3.4,29.2,0,33,54100
2025-02-04T21:00,2.1,33.7,0,9,67300
2025-02-04T22:00,0.4,28.4,0,0,58900
2025-02-04T23:00,-0.5,24.8,0,0,59700
2025-02-05T00:00,-2.3,22.4,0,52,49900
2025-02-05T01:00,-3.2,24,0,0,52800
2025-02-05T02:00,-3.7,14.7,0,6,48800
2025-02-05T03:00,-4.4,15.3,0,1,45400
2025-02-05T04:00,-5.1,16.7,0,0,45700
2025-02-05T05:00,-5.5,11.4,0,0,44000
2025-02-05T06:00,-6.4,8.1,0,0,41800
2025-02-05T07:00,-7.1,8.6,0,0,36800
2025-02-05T08:00,-7.4,10.8,0,37,40300
2025-02-05T09:00,-7.3,9.7,0,100,35400
2025-02-05T10:00,-7.4,9.4,0,4,33600
2025-02-05T11:00,-7.9,9.5,0,51,32500
2025-02-05T12:00,-8.3,9.7,0,8,37700
2025-02-05T13:00,-7.6,13.6,0,53,31800
2025-02-05T14:00,-6.7,17.5,0,14,35400
2025-02-05T15:00,-5.7,19.4,0,5,40800
2025-02-05T16:00,-4.3,20.3,0,4,48900
2025-02-05T17:00,-3.1,21.7,0,1,55100
2025-02-05T18:00,-2.8,18.7,0,3,53000
2025-02-05T19:00,-2.4,18.7,0,2,57000
2025-02-05T20:00,-2.4,16.1,0,3,58300
2025-02-05T21:00,-2.9,15,0,0,60900
2025-02-05T22:00,-4,9.4,0,0,55500
2025-02-05T23:00,-5.2,4.6,0,0,56400
2025-02-06T00:00,-6.4,4.1,0,0,52700
2025-02-06T01:00,-7.6,2.3,0,0,45400
2025-02-06T02:00,-8.4,3.2,0,0,44800
2025-02-06T03:00,-9.3,6.1,0,0,36400
2025-02-06T04:00,-9.6,2.9,0,0,39100
2025-02-06T05:00,-9.8,1.1,0,0,38400
2025-02-06T06:00,-10.4,6.2,0,0,35300
2025-02-06T07:00,-11.3,4,0,0,26800
2025-02-06T08:00,-11.3,3.3,0,11,19600
2025-02-06T09:00,-10.8,2.6,0,56,21300
2025-02-06T10:00,-9.9,4.4,0,42,23600
2025-02-06T11:00,-8.9,7.4,0,98,30300
2025-02-06T12:00,-6.7,9.4,0,98,23400
2025-02-06T13:00,-4.7,18.9,0,100,26400
2025-02-06T14:00,-3,17.1,0.1,100,3900
2025-02-06T15:00,-2.7,12.6,0.8,100,1300
2025-02-06T16:00,-1.7,11,1.1,100,700
2025-02-06T17:00,-1.4,12.1,1.5,100,1200
2025-02-06T18:00,-1,8.2,0.4,100,7000
2025-02-06T19:00,-0.7,3.6,0.7,100,8200
2025-02-06T20:00,-0.1,4.8,0.2,100,13400
2025-02-06T21:00,-0.1,2.8,0.6,100,13100
2025-02-06T22:00,-0.2,4.3,0,100,1800
2025-02-06T23:00,-0.2,5.1,0,100,12500
2025-02-07T00:00,-0.1,7.2,0,100,1300
2025-02-07T01:00,-1,6.9,0,100,800
2025-02-07T02:00,-1.3,5.6,0,100,2500
2025-02-07T03:00,-1.4,8.4,0,100,2000
2025-02-07T04:00,-0.9,6,0,100,12200
2025-02-07T05:00,-0.7,8.7,0,100,13100
2025-02-07T06:00,0.7,13.6,0,100,13500
2025-02-07T07:00,1.4,11.4,0,100,14000
2025-02-07T08:00,1.6,10.6,0,100,13800
2025-02-07T09:00,1.6,9.8,0,97,14400
2025-02-07T10:00,1.4,7.1,0,100,14700
2025-02-07T11:00,1.2,7,0,100,13400
2025-02-07T12:00,0.4,13.8,0,10,14400
2025-02-07T13:00,1.9,16.2,0,12,24500
2025-02-07T14:00,3.4,30.6,0,0,44600
2025-02-07T15:00,3.7,36.3,0,24,55400
2025-02-07T16:00,2.5,35.4,0,36,48000
2025-02-07T17:00,2.8,31.4,0,99,55200
2025-02-07T18:00,2.4,32.3,0,31,55400
2025-02-07T19:00,2.5,31.7,0,8,59500
2025-02-07T20:00,2.4,32.1,0,46,60800
2025-02-07T21:00,1.8,28.9,0,1,62900
2025-02-07T22:00,-0.2,24.1,0,7,58600
2025-02-07T23:00,-0.9,20.5,0,2,55100
2025-02-08T00:00,-2,14,0,2,50200
2025-02-08T01:00,-2.1,21.8,0,0,54400
2025-02-08T02:00,-2.8,14.1,0,0,43000
2025-02-08T03:00,-3,13.7,0,0,45200
2025-02-08T04:00,-3.4,11.5,0,0,44600
2025-02-08T05:00,-3.8,6.6,0,0,43900
2025-02-08T06:00,-4.3,8.9,0,0,39700
2025-02-08T07:00,-5,6.4,0,16,34100
2025-02-08T08:00,-5.5,6.9,0,0,29000
2025-02-08T09:00,-5.7,8.2,0,0,33900
2025-02-08T10:00,-6,7.4,0,0,31800
2025-02-08T11:00,-6.1,9,0,0,26600
2025-02-08T12:00,-6.4,10.1,0,0,25500
2025-02-08T13:00,-4.3,10,0,1,29900
2025-02-08T14:00,-2,12.6,0,0,34600
2025-02-08T15:00,0.2,14.8,0,80,43500
2025-02-08T16:00,1.3,12.1,0,44,52500
2025-02-08T17:00,2,15.1,0,97,54100
2025-02-08T18:00,2.1,14,0,83,51700
2025-02-08T19:00,2.3,15.9,0,97,52400
2025-02-08T20:00,1.9,13.2,0,97,54900
2025-02-08T21:00,1.5,10.2,0,78,50000
2025-02-08T22:00,0.1,7.3,0,30,53000
2025-02-08T23:00,-1.8,1.6,0,97,47700
2025-02-09T00:00,-2.1,3.2,0,97,48500
2025-02-09T01:00,-2.1,7.4,0,98,38200
2025-02-09T02:00,-1.9,4.2,0,98,29900
2025-02-09T03:00,-1.7,4,0,100,27800
2025-02-09T04:00,-2.5,10,0.7,100,2200
2025-02-09T05:00,-2.9,8.1,1.8,100,700
2025-02-09T06:00,-2.8,7.2,2,100,500
2025-02-09T07:00,-2.6,6.9,1.7,100,600
2025-02-09T08:00,-2.1,11.3,1.3,100,800
2025-02-09T09:00,-1.9,11.9,1.3,100,2300
2025-02-09T10:00,-2.5,15.6,1.3,100,6200
2025-02-09T11:00,-2.5,13.9,0,100,8400
2025-02-09T12:00,-3.7,18.3,0,100,14200
2025-02-09T13:00,-3.9,17.1,0.3,100,1400
2025-02-09T14:00,-4.2,19.3,1.6,100,2100
2025-02-09T15:00,-3.6,18.7,0.7,100,9700
2025-02-09T16:00,-2.7,16,0,100,16600
2025-02-09T17:00,-2,16.3,0,100,18300
2025-02-09T18:00,-1.2,11.8,0,100,20000
2025-02-09T19:00,-1.1,10.7,0,100,21800
2025-02-09T20:00,-0.7,8.4,0,100,22600
2025-02-09T21:00,-0.8,6.3,0,37,23000
2025-02-09T22:00,-1.5,4.6,0,30,23800
2025-02-09T23:00,-2,4.3,0,99,21800
2025-02-10T00:00,-2.6,7.6,0,46,19000
2025-02-10T01:00,-2.5,5.9,0,4,18300
2025-02-10T02:00,-3.7,4.1,0,2,17900
2025-02-10T03:00,-4.5,7.1,0,1,20300
2025-02-10T04:00,-5.1,6.5,0,22,17000
2025-02-10T05:00,-5.8,3.2,0,8,16900
2025-02-10T06:00,-6.2,3.3,0,98,15800
2025-02-10T07:00,-6.1,7.9,0,47,18400
2025-02-10T08:00,-5.3,7.6,0,48,19000
2025-02-10T09:00,-6,6.6,0,38,18600
2025-02-10T10:00,-5.7,8.9,0,0,18500
2025-02-10T11:00,-5.9,8.8,0,23,17800
2025-02-10T12:00,-5.9,10.9,0,19,17800
2025-02-10T13:00,-4.1,10.8,0,2,21900
2025-02-10T14:00,-1.6,10.7,0,26,27600
2025-02-10T15:00,-0.3,15.9,0,0,25500
2025-02-10T16:00,0,15.2,0,34,38700
2025-02-10T17:00,-0.1,16.9,0,48,44900
2025-02-10T18:00,-0.7,21.3,0,100,49700
2025-02-10T19:00,-0.9,16.2,0,47,41300
2025-02-10T20:00,-1.2,18.4,0,74,45600
2025-02-10T21:00,-1.6,14.9,0,88,41900
2025-02-10T22:00,-2.7,13,0,23,42900
2025-02-10T23:00,-3.3,11.7,0,0,48900
2025-02-11T00:00,-4,11,0,99,41400
2025-02-11T01:00,-4.3,11.3,0,2,46800
2025-02-11T02:00,-5.8,13.1,0,0,41200
2025-02-11T03:00,-6.8,8,0,1,37500
2025-02-11T04:00,-7.4,8,0,0,39300
2025-02-11T05:00,-8.5,2.6,0,0,24000
2025-02-11T06:00,-8.8,6.2,0,0,26900
2025-02-11T07:00,-9.9,5.9,0,0,24900
2025-02-11T08:00,-10.5,7.1,0,0,23400
2025-02-11T09:00,-10.8,7.7,0,0,22900
2025-02-11T10:00,-11.3,7.7,0,2,16500
2025-02-11T11:00,-11.2,5.2,0,8,14100
2025-02-11T12:00,-11.2,7.9,0,2,14300
2025-02-11T13:00,-8.3,8.3,0,34,19200
2025-02-11T14:00,-5.4,9.5,0,79,25600
2025-02-11T15:00,-3.1,12.5,0,95,41000
2025-02-11T16:00,-1.9,17,0,87,42700
2025-02-11T17:00,-1.3,16.9,0,95,50600
2025-02-11T18:00,-1.1,16.6,0,96,45200
2025-02-11T19:00,-0.9,13.3,0,89,44600
2025-02-11T20:00,-1.1,12.5,0,96,49400
2025-02-11T21:00,-1.6,10.5,0,96,48000
2025-02-11T22:00,-2.9,9.5,0,96,51100
2025-02-11T23:00,-2.9,13.7,0,96,48400
2025-02-12T00:00,-3,11.5,0,99,47500
2025-02-12T01:00,-3.3,8.4,0,96,41200
2025-02-12T02:00,-3.6,7.9,0,96,44200
2025-02-12T03:00,-4.2,6.1,0,96,36300
2025-02-12T04:00,-4.6,8.1,0,96,29700
2025-02-12T05:00,-3.8,8,0,99,33600
2025-02-12T06:00,-4.5,5.5,0,97,27700
2025-02-12T07:00,-4.8,0.8,0,97,24800
2025-02-12T08:00,-5.4,4,0,3,22800
2025-02-12T09:00,-6.1,5,0,0,19700
2025-02-12T10:00,-5.6,8.3,0,8,25200
2025-02-12T11:00,-6.8,7.9,0,0,25800
2025-02-12T12:00,-6.5,8.8,0,11,19800
2025-02-12T13:00,-4.5,13,0,16,18400
2025-02-12T14:00,-2.8,12.2,0,100,19700
2025-02-12T15:00,-0.7,14.7,0,100,19300
2025-02-12T16:00,-0.6,15.5,0,100,20800
2025-02-12T17:00,-0.7,12.7,0,100,21300
2025-02-12T18:00,-0.8,16.3,0,100,20400
2025-02-12T19:00,-1,13.9,0,100,18700
2025-02-12T20:00,-1.1,11.5,0,100,19300
2025-02-12T21:00,-1.2,8.9,0,100,19100
2025-02-12T22:00,-1.5,9.6,0,100,18800
2025-02-12T23:00,-1.8,10.7,0,100,18300
2025-02-13T00:00,-1.5,10.9,0,100,19100
2025-02-13T01:00,-1.3,13.4,0,100,20800
2025-02-13T02:00,-0.8,16.8,0,100,21500
2025-02-13T03:00,-0.4,18.9,0.1,100,21000
2025-02-13T04:00,-0.7,18.4,0.1,100,19600
2025-02-13T05:00,-0.1,17.3,0.2,100,18800
2025-02-13T06:00,-0.1,19.6,0.8,100,4100
2025-02-13T07:00,0,21.6,0.4,100,4600
2025-02-13T08:00,0.3,17.2,0.4,100,16100
2025-02-13T09:00,0.3,18.4,0.6,100,7800
2025-02-13T10:00,0.6,20.8,0.9,100,12900
2025-02-13T11:00,1,17.9,1.2,100,2000
2025-02-13T12:00,1.1,17.8,2.2,100,13000
2025-02-13T13:00,1,15.6,3,100,10000
2025-02-13T14:00,1.5,14,1.4,100,4200
2025-02-13T15:00,1.7,13.8,1.6,100,12200
2025-02-13T16:00,1.9,9.9,0.6,100,12200
2025-02-13T17:00,2.1,5,0.1,100,12200
2025-02-13T18:00,2.3,4.3,0,100,12200
2025-02-13T19:00,2.1,13.3,0,100,800
2025-02-13T20:00,2.2,11.1,0,100,12900
2025-02-13T21:00,2,8.7,0,100,13100
2025-02-13T22:00,1.5,9.9,0,100,12400
2025-02-13T23:00,1.7,10.7,0,100,200
2025-02-14T00:00,1.9,13.6,0,0,14500
2025-02-14T01:00,1.8,12.6,0,1,14700
2025-02-14T02:00,1.7,25.7,0,0,25200
2025-02-14T03:00,1,30.1,0,0,31400
2025-02-14T04:00,0.5,24.7,0,0,32900
2025-02-14T05:00,-0.4,30.1,0,0,44700
2025-02-14T06:00,-1.4,29.6,0,0,44600
2025-02-14T07:00,-1.8,23.6,0,0,40600
2025-02-14T08:00,-2,28.4,0,0,45000
2025-02-14T09:00,-2.5,26.5,0,0,45800
2025-02-14T10:00,-3.2,22.8,0,0,47400
2025-02-14T11:00,-3.5,24.7,0,0,56700
2025-02-14T12:00,-3.7,28.4,0,0,60300
2025-02-14T13:00,-3.3,22,0,0,52700
2025-02-14T14:00,-2.8,27.7,0,0,55400
2025-02-14T15:00,-2,27.5,0,0,57200
2025-02-14T16:00,-1.8,29.7,0,6,56400
2025-02-14T17:00,-1.4,29.7,0,3,60400
2025-02-14T18:00,-1.2,26.5,0,7,61400
2025-02-14T19:00,-1.4,27.9,0,2,63500
2025-02-14T20:00,-1.3,26.3,0,5,61400
2025-02-14T21:00,-2,21.6,0,0,61000
2025-02-14T22:00,-2.2,20.9,0,16,59300
2025-02-14T23:00,-2.2,21,0,6,66000
2025-02-15T00:00,-3,13.3,0,12,58900
2025-02-15T01:00,-3.1,12.7,0,16,54900
2025-02-15T02:00,-2.9,10.6,0,95,59200
2025-02-15T03:00,-3.7,8,0,97,43500
2025-02-15T04:00,-4.3,8,0,87,47200
2025-02-15T05:00,-4.7,5.9,0,98,45800
2025-02-15T06:00,-4.9,9.4,0,100,45500
2025-02-15T07:00,-5,8.3,0,33,48500
2025-02-15T08:00,-5.3,10.1,0,86,45000
2025-02-15T09:00,-5.5,8,0,97,43700
2025-02-15T10:00,-5.7,7.6,0,97,41000
2025-02-15T11:00,-5.9,6.7,0,98,38600
2025-02-15T12:00,-6.5,6,0,98,36200
2025-02-15T13:00,-5.5,6.2,0,78,41700
2025-02-15T14:00,-4.3,8.7,0,99,50700
2025-02-15T15:00,-3.5,5.4,0,99,53200
2025-02-15T16:00,-2.8,4,0,64,61900
2025-02-15T17:00,-2.4,1.5,0,92,53200
2025-02-15T18:00,-2.3,5.2,0,97,56900
2025-02-15T19:00,-2.3,7.5,0,100,57400
2025-02-15T20:00,-2,8.7,0,100,55400
2025-02-15T21:00,-2.2,5.8,0,97,50400
2025-02-15T22:00,-2.7,4.7,0,100,52700
2025-02-15T23:00,-3.6,7,0,99,11900
2025-02-16T00:00,-4.3,2.2,0.4,100,3100
2025-02-16T01:00,-4.5,5.5,0.3,100,2700
2025-02-16T02:00,-4.2,5.4,0.5,100,1300
2025-02-16T03:00,-4,8.3,1.3,100,700
2025-02-16T04:00,-3.8,8.2,1.8,100,1400
2025-02-16T05:00,-3.2,5.5,1.7,100,600
2025-02-16T06:00,-2.9,8,2.3,100,500
2025-02-16T07:00,-2.1,11.4,1.8,100,900
2025-02-16T08:00,-1.6,11.2,2.4,100,900
2025-02-16T09:00,-1.1,13,1.9,100,1100
2025-02-16T10:00,-0.5,16,1.6,100,3100
2025-02-16T11:00,-0.3,16.1,2,100,900
2025-02-16T12:00,0,18.5,2.2,100,1000
2025-02-16T13:00,0.3,20.5,2,100,7600
2025-02-16T14:00,0.6,23.4,2.5,100,5200
2025-02-16T15:00,0.9,18.8,2.7,100,9200
2025-02-16T16:00,1.1,18.2,1.6,100,9500
2025-02-16T17:00,1.3,21.9,1,100,13400
2025-02-16T18:00,1.8,17.6,5.6,100,6600
2025-02-16T19:00,1.8,24.3,2.7,100,12400
2025-02-16T20:00,1.5,21.7,1.3,100,5400
2025-02-16T21:00,2,17,2.7,100,8100
2025-02-16T22:00,1.4,9.7,1.4,100,3700
2025-02-16T23:00,0.7,10,0.9,100,12200
2025-02-17T00:00,0.7,4.3,0,100,12200
2025-02-17T01:00,0.4,11.6,0.2,100,200
2025-02-17T02:00,-0.1,11.8,2.5,100,13400
2025-02-17T03:00,-1.3,19.1,0,100,200
2025-02-17T04:00,-1.8,14.7,0,18,15100
2025-02-17T05:00,-1.4,31.2,0,100,22500
2025-02-17T06:00,-3.3,28.6,0,0,26400
2025-02-17T07:00,-3.7,29.5,0,100,28300
2025-02-17T08:00,-3.9,24.3,0,100,27800
2025-02-17T09:00,-4.1,25.7,0,5,29300
2025-02-17T10:00,-4.2,22.2,0,43,28000
2025-02-17T11:00,-4.4,24,0,75,31900
2025-02-17T12:00,-4.8,33.5,0,99,31100
2025-02-17T13:00,-4.5,30.8,0,98,33200
2025-02-17T14:00,-3.6,37.4,0,51,37300
2025-02-17T15:00,-3.6,37.1,0,4,35900
2025-02-17T16:00,-3,34.6,0,44,38400
2025-02-17T17:00,-2.6,35.4,0,48,40100
2025-02-17T18:00,-2.2,37.6,0,14,43800
2025-02-17T19:00,-2.1,38,0,17,45100
2025-02-17T20:00,-2.4,34.2,0,35,47300
2025-02-17T21:00,-3.5,33.5,0,12,45500
2025-02-17T22:00,-4.6,29.4,0,12,47100
2025-02-17T23:00,-5.3,31.3,0,6,44300
2025-02-18T00:00,-6.1,24.5,0,0,40200
2025-02-18T01:00,-6.1,26.8,0,5,46200
2025-02-18T02:00,-6.8,29.9,0,17,47200
2025-02-18T03:00,-7.6,30.9,0,10,45500
2025-02-18T04:00,-8,27.1,0,0,41500
2025-02-18T05:00,-8.2,26.3,0,0,42400
2025-02-18T06:00,-8.8,22.1,0,3,37800
2025-02-18T07:00,-8.7,24.8,0,0,38700
2025-02-18T08:00,-8.7,23.8,0,0,40100
2025-02-18T09:00,-8.9,21.8,0,0,38400
2025-02-18T10:00,-9.5,22,0,3,36400
2025-02-18T11:00,-9.9,19.6,0,96,37200
2025-02-18T12:00,-9.9,22.6,0,5,36000
2025-02-18T13:00,-8.7,21.5,0,15,35100
2025-02-18T14:00,-7.2,27.7,0,40,37300
2025-02-18T15:00,-6.5,32.7,0,24,43800
2025-02-18T16:00,-5.6,32.3,0,38,45900
2025-02-18T17:00,-4.5,31.6,0,47,50200
2025-02-18T18:00,-4.4,29.4,0,55,48000
2025-02-18T19:00,-4.2,29.3,0,90,48700
2025-02-18T20:00,-4.3,30.4,0,88,50500
2025-02-18T21:00,-5.6,28.2,0,11,48800
2025-02-18T22:00,-6.7,22.5,0,45,44800
2025-02-18T23:00,-7.2,28.3,0,1,45000
2025-02-19T00:00,-7.9,23.9,0,10,42100
2025-02-19T01:00,-8.1,22,0,15,37500
2025-02-19T02:00,-8.4,16.4,0,0,33900
2025-02-19T03:00,-8.2,16.9,0,3,38300
2025-02-19T04:00,-8.8,16.4,0,1,32300
2025-02-19T05:00,-8.7,13.3,0,1,32000
2025-02-19T06:00,-9.8,14.7,0,0,30200
2025-02-19T07:00,-8.9,16.9,0,0,37200
2025-02-19T08:00,-8.8,18.8,0,0,38000
2025-02-19T09:00,-9.3,13,0,41,35400
2025-02-19T10:00,-9.6,14.6,0,0,32600
2025-02-19T11:00,-10.5,13.7,0,0,33300
2025-02-19T12:00,-11,12.7,0,0,33000
2025-02-19T13:00,-9.6,22.2,0,38,31000
2025-02-19T14:00,-8.5,19.8,0,2,37800
2025-02-19T15:00,-7.5,20.6,0,2,37500
2025-02-19T16:00,-5.9,19.1,0,8,42900
2025-02-19T17:00,-4.6,17.5,0,6,45900
2025-02-19T18:00,-3.3,18.9,0,4,47500
2025-02-19T19:00,-2.1,14.8,0,2,50700
2025-02-19T20:00,-1.4,14.4,0,0,54500
2025-02-19T21:00,-1.9,13.7,0,100,51900
2025-02-19T22:00,-3.1,10.9,0,100,48700
2025-02-19T23:00,-3.5,11,0,100,50400
2025-02-20T00:00,-4.2,11,0,13,49000
2025-02-20T01:00,-5.1,10.1,0,100,42700
2025-02-20T02:00,-5.6,9,0,100,42200
2025-02-20T03:00,-7.2,7.7,0,11,37900
2025-02-20T04:00,-8.9,8.4,0,3,33000
2025-02-20T05:00,-9,11.3,0,0,34000
2025-02-20T06:00,-10,10.6,0,100,200
2025-02-20T07:00,-8.4,10.2,0,100,28500
2025-02-20T08:00,-10,7.6,0,2,26000
2025-02-20T09:00,-10.8,4.8,0,41,26100
2025-02-20T10:00,-10.9,7.1,0,1,26700
2025-02-20T11:00,-12.1,7.2,0,100,22700
2025-02-20T12:00,-12.3,4.9,0,8,23000
2025-02-20T13:00,-9.9,7.1,0,100,24600
2025-02-20T14:00,-8,9.6,0,100,200
2025-02-20T15:00,-6.5,9.2,0,100,30200
2025-02-20T16:00,-4.8,5.7,0,100,27100
2025-02-20T17:00,-3.1,8.7,0,100,26500
2025-02-20T18:00,-2.1,7.2,0,100,25200
2025-02-20T19:00,-1.6,7.8,0,100,26500
2025-02-20T20:00,-1.2,8.9,0,100,27500
2025-02-20T21:00,-1,7,0,83,33200
2025-02-20T22:00,-2.1,4,0,100,28400
2025-02-20T23:00,-3.1,8,0,78,31700
2025-02-21T00:00,-4.7,9,0,50,28000
2025-02-21T01:00,-4.5,10.1,0,34,23300
2025-02-21T02:00,-5.4,13.7,0,60,24900
2025-02-21T03:00,-5.3,16.2,0,72,30400
2025-02-21T04:00,-5.8,13.4,0,34,28700
2025-02-21T05:00,-6,12.8,0,17,31300
2025-02-21T06:00,-6.4,17.9,0,19,27600
2025-02-21T07:00,-6.3,21.6,0,9,31600
2025-02-21T08:00,-6.4,21.6,0,1,30900
2025-02-21T09:00,-6,21.3,0,100,29000
2025-02-21T10:00,-6,21.5,0,100,30200
2025-02-21T11:00,-6.5,19.7,0,17,31500
2025-02-21T12:00,-7.1,18.4,0,53,30000
2025-02-21T13:00,-5.4,21,0,58,30400
2025-02-21T14:00,-4.5,24,0,0,31500
2025-02-21T15:00,-3.4,23.5,0,5,35600
2025-02-21T16:00,-2.2,23.7,0,4,41300
2025-02-21T17:00,-1.1,22.2,0,14,45700
2025-02-21T18:00,-0.4,21.9,0,5,47400
2025-02-21T19:00,0.4,22.2,0,0,50700
2025-02-21T20:00,0.3,23.8,0,2,49600
2025-02-21T21:00,-1,21.6,0,0,50100
2025-02-21T22:00,-2.5,17.1,0,0,49100
2025-02-21T23:00,-3.6,17.8,0,0,47600
2025-02-22T00:00,-4.1,19.7,0,0,48200
2025-02-22T01:00,-5,17.9,0,0,37100
2025-02-22T02:00,-5.4,18.2,0,0,33100
2025-02-22T03:00,-5.5,17,0,0,31200
2025-02-22T04:00,-6.1,13.4,0,0,25800
2025-02-22T05:00,-6.4,14.9,0,0,28600
2025-02-22T06:00,-6.8,16.2,0,0,27100
2025-02-22T07:00,-7.1,16.3,0,0,28300
2025-02-22T08:00,-7.5,14.5,0,0,27300
2025-02-22T09:00,-8.1,15.1,0,0,24800
2025-02-22T10:00,-8.4,13.7,0,0,26000
2025-02-22T11:00,-8.3,13.4,0,42,25700
2025-02-22T12:00,-8.8,10.1,0,33,24900
2025-02-22T13:00,-7.3,13.8,0,9,29400
2025-02-22T14:00,-6.2,18.1,0,9,42300
2025-02-22T15:00,-5.2,18.4,0,5,40500
2025-02-22T16:00,-3.1,15,0,0,50900
2025-02-22T17:00,-2,13.6,0,5,50400
2025-02-22T18:00,-0.4,10.8,0,0,56500
2025-02-22T19:00,0.1,6.5,0,0,61600
2025-02-22T20:00,0.2,4.9,0,0,55800
2025-02-22T21:00,0.1,7.4,0,0,46400
2025-02-22T22:00,-0.6,6.8,0,0,56000
2025-02-22T23:00,-2.4,7.6,0,0,46600
2025-02-23T00:00,-2.4,9.2,0,0,51000
2025-02-23T01:00,-4.1,8.5,0,0,41800
2025-02-23T02:00,-5.2,5.9,0,0,34700
2025-02-23T03:00,-5.3,8.9,0,0,32600
2025-02-23T04:00,-4.9,8.7,0,3,28600
2025-02-23T05:00,-4.8,6.6,0,59,23300
2025-02-23T06:00,-4.9,10,0,10,22500
2025-02-23T07:00,-5.2,9.8,0,6,21800
2025-02-23T08:00,-4.7,12.6,0,94,18900
2025-02-23T09:00,-4.6,7.7,0,72,20600
2025-02-23T10:00,-4.8,7.2,0,99,20200
2025-02-23T11:00,-3.8,8.7,0,68,24600
2025-02-23T12:00,-4.4,9.7,0,14,23800
2025-02-23T13:00,-3,8,0,85,27600
2025-02-23T14:00,-0.3,11.6,0,15,26700
2025-02-23T15:00,1.3,12.6,0,1,31900
2025-02-23T16:00,1.8,15.1,0,1,34900
2025-02-23T17:00,2.5,15.4,0,5,40300
2025-02-23T18:00,2.9,13.2,0,3,41700
2025-02-23T19:00,3,13.4,0,100,45400
2025-02-23T20:00,2.9,15.8,0,13,41900
2025-02-23T21:00,2.6,16.6,0,1,43200
2025-02-23T22:00,1.4,11.6,0,3,35000
2025-02-23T23:00,0.7,8,0,14,44600
2025-02-24T00:00,0.7,5.1,0,98,51500
2025-02-24T01:00,-0.6,10.2,0,29,31000
2025-02-24T02:00,-1,10.9,0,98,27600
2025-02-24T03:00,-0.8,8.2,0,99,30100
2025-02-24T04:00,-1.3,5.5,0,99,24900
2025-02-24T05:00,-2.1,2.5,0,99,22500
2025-02-24T06:00,-2.3,6.4,0,89,23500
2025-02-24T07:00,-2,8.2,0,65,24700
2025-02-24T08:00,-2.9,6.2,0,10,21600
2025-02-24T09:00,-3.1,6.9,0,2,24900
2025-02-24T10:00,-3.1,3.7,0,28,22700
2025-02-24T11:00,-3.1,7.1,0,2,20500
2025-02-24T12:00,-3.6,2.8,0,36,19700
2025-02-24T13:00,-1.7,5.2,0,80,19900
2025-02-24T14:00,0.5,3.6,0,100,23200
2025-02-24T15:00,2.6,4.5,0,50,29800
2025-02-24T16:00,3.8,3.9,0,8,34800
2025-02-24T17:00,4.8,8.7,0,29,53700
2025-02-24T18:00,5.2,12.4,0,19,51400
2025-02-24T19:00,5.5,15.5,0,34,44500
2025-02-24T20:00,6.2,17.5,0,1,49600
2025-02-24T21:00,5.4,23.6,0,16,46300
2025-02-24T22:00,3.9,16.6,0,14,34000
2025-02-24T23:00,2.8,15.1,0,4,26800
2025-02-25T00:00,1.8,14.8,0,20,21000
2025-02-25T01:00,2.4,19.6,0,98,20300
2025-02-25T02:00,2.9,18.8,0,73,19400
2025-02-25T03:00,3.1,14.7,0,98,21100
2025-02-25T04:00,2.7,14,0,95,20700
2025-02-25T05:00,2.6,13,0,56,21800
2025-02-25T06:00,2.7,13.6,0,91,22100
2025-02-25T07:00,2.4,12.7,0,3,20400
2025-02-25T08:00,2.5,13.8,0,2,21500
2025-02-25T09:00,2.5,10.1,0,72,21700
2025-02-25T10:00,2.4,11.3,0,51,20200
2025-02-25T11:00,2.5,8.8,0,98,19300
2025-02-25T12:00,2.4,10.8,0,98,20300
2025-02-25T13:00,3.8,8.1,0,99,20200
2025-02-25T14:00,5.3,6,0,98,23300
2025-02-25T15:00,6.5,9.9,0,98,26300
2025-02-25T16:00,8.2,8.6,0,98,29400
2025-02-25T17:00,10,11.5,0,81,31200
2025-02-25T18:00,10.2,11.5,0,99,41000
2025-02-25T19:00,11.1,11.4,0,79,41000
2025-02-25T20:00,11.9,10.8,0,10,40700
2025-02-25T21:00,10.8,15,0,98,39600
2025-02-25T22:00,8.4,11.8,0,98,39000
2025-02-25T23:00,7.7,4.9,0,99,36600
2025-02-26T00:00,7,9.6,0,99,24600
2025-02-26T01:00,6.5,4.3,0,100,25700
2025-02-26T02:00,5.1,5.9,0,3,22200
2025-02-26T03:00,4.6,7.6,0,15,21000
2025-02-26T04:00,4.2,8.1,0,0,22400
2025-02-26T05:00,3.9,11.7,0,0,25400
2025-02-26T06:00,3.8,12.6,0,0,22300
2025-02-26T07:00,3.1,8.8,0,0,21400
2025-02-26T08:00,2.7,11.4,0,0,18500
2025-02-26T09:00,2.8,10.4,0,0,20100
2025-02-26T10:00,3.1,9.5,0,2,18100
2025-02-26T11:00,3.1,16,0,2,21700
2025-02-26T12:00,3.3,14.8,0,2,21800
2025-02-26T13:00,5.2,10.1,0,0,23200
2025-02-26T14:00,7.6,16.6,0,0,28700
2025-02-26T15:00,9.1,22.3,0,0,39000
2025-02-26T16:00,10,22.1,0,0,42600
2025-02-26T17:00,10.3,21.6,0,100,44400
2025-02-26T18:00,10.7,23,0,44,46700
2025-02-26T19:00,11.3,25.9,0,45,52500
2025-02-26T20:00,11.2,22.6,0,13,51900
2025-02-26T21:00,10.4,22,0,3,50000
2025-02-26T22:00,9.4,24,0,100,53600
2025-02-26T23:00,7.7,16.1,0,1,47300
2025-02-27T00:00,6.4,9.7,0,20,43900
2025-02-27T01:00,5.7,7.7,0,16,44600
2025-02-27T02:00,4.6,6.1,0,1,40200
2025-02-27T03:00,3.1,5.9,0,25,35300
2025-02-27T04:00,2.8,7.3,0,22,29700
2025-02-27T05:00,1.9,4.9,0,97,27200
2025-02-27T06:00,0.7,3.5,0,17,23400
2025-02-27T07:00,0.8,4.7,0,98,23100
2025-02-27T08:00,0.3,5.2,0,98,20600
2025-02-27T09:00,0.4,1.5,0,60,19900
2025-02-27T10:00,1,2.2,0,99,21400
2025-02-27T11:00,1.2,4.6,0,100,4400
2025-02-27T12:00,1.8,7.2,0.5,100,15400
2025-02-27T13:00,2.4,8.7,0,100,15200
2025-02-27T14:00,3.4,9.8,0,99,16600
2025-02-27T15:00,4.2,9.7,0,100,18000
2025-02-27T16:00,5.2,8.8,0.4,100,9800
2025-02-27T17:00,7.5,5.1,0,98,17800
2025-02-27T18:00,10.5,11.5,0,51,20400
2025-02-27T19:00,10.8,14.9,0,98,19700
2025-02-27T20:00,10.5,13.9,0,98,17900
2025-02-27T21:00,10.6,13,0,100,17800
2025-02-27T22:00,9.8,21.4,0,98,19100
2025-02-27T23:00,9.2,18.8,0,98,18400
2025-02-28T00:00,8.5,17.1,0,97,17500
2025-02-28T01:00,8.4,12.6,0,98,19700
2025-02-28T02:00,7.4,8.4,0,97,17500
2025-02-28T03:00,7.6,13.5,0,99,19800
2025-02-28T04:00,6.9,16.2,0,100,20800
2025-02-28T05:00,5.8,14.1,0,97,21000
2025-02-28T06:00,4.7,15,0,97,23300
2025-02-28T07:00,3.9,9.5,0,97,21200
2025-02-28T08:00,3.2,9.4,0,97,22500
2025-02-28T09:00,3,10.5,0,100,22000
2025-02-28T10:00,2.7,8.4,0,100,20900
2025-02-28T11:00,2.2,9,0,11,21800
2025-02-28T12:00,2.5,11.9,0,0,22800
2025-02-28T13:00,4.5,14.8,0,0,26900
2025-02-28T14:00,6.3,26.9,0,1,32500
2025-02-28T15:00,7.3,30.1,0,0,48000
2025-02-28T16:00,8.3,34.2,0,92,58900
2025-02-28T17:00,8,29.5,0,81,57900
2025-02-28T18:00,7.7,30.9,0,0,61200
2025-02-28T19:00,7.8,26.5,0,0,71700
2025-02-28T20:00,7.6,21.1,0,0,74600
2025-02-28T21:00,6.7,21.6,0,0,73500
2025-02-28T22:00,5.8,18.5,0,10,76100
2025-02-28T23:00,4.2,6.9,0,99,72700
2025-03-01T00:00,3.9,12.3,0,98,58700
2025-03-01T01:00,3.1,3.9,0,99,69000
2025-03-01T02:00,1.8,4.5,0,98,64900
2025-03-01T03:00,1.4,6.5,0,95,47700
2025-03-01T04:00,0.8,8.8,0,86,30100
2025-03-01T05:00,0.7,6.2,0,58,45600
2025-03-01T06:00,1.1,11.9,0,41,68800
2025-03-01T07:00,1.3,12.3,0,28,61400
2025-03-01T08:00,2.6,12.9,0,99,46900
2025-03-01T09:00,2.3,9.9,0,98,22300
2025-03-01T10:00,2.6,11.3,0,68,24000
2025-03-01T11:00,4.2,16.7,0,98,26900
2025-03-01T12:00,5.2,23.1,0,86,26600
2025-03-01T13:00,6.9,19.7,0,99,25200
2025-03-01T14:00,8.5,26.5,0,99,27500
2025-03-01T15:00,9.7,22,0,98,28000
2025-03-01T16:00,10.6,18.8,0,100,31400
2025-03-01T17:00,12.5,18.4,0,76,33600
2025-03-01T18:00,10.7,17.7,0,98,25900
2025-03-01T19:00,10.3,15.8,0,100,21200
2025-03-01T20:00,11.7,16,0,25,25000
2025-03-01T21:00,11.8,18.8,0,16,29400
2025-03-01T22:00,8.4,31.2,0,100,20100
2025-03-01T23:00,3.3,28.8,0.2,100,2900
2025-03-02T00:00,2.2,21.6,0.4,97,34800
2025-03-02T01:00,0.1,32,0,98,47500
2025-03-02T02:00,-1.5,29.3,0,56,43200
2025-03-02T03:00,-2.9,27.4,0,0,48900
2025-03-02T04:00,-3.7,28.1,0,1,49600
2025-03-02T05:00,-4.3,23.7,0,0,45800
2025-03-02T06:00,-5.2,21.7,0,1,46300
2025-03-02T07:00,-5.7,22.2,0,0,43400
2025-03-02T08:00,-6.5,19.4,0,0,44600
2025-03-02T09:00,-7,21.7,0,0,40500
2025-03-02T10:00,-8,21,0,0,37800
2025-03-02T11:00,-8.9,16.6,0,62,36000
2025-03-02T12:00,-9,22.1,0,1,34200
2025-03-02T13:00,-8.3,25.3,0,5,37300
2025-03-02T14:00,-6.9,28,0,35,40400
2025-03-02T15:00,-5.6,24.4,0,1,44300
2025-03-02T16:00,-4.2,24.9,0,0,56900
2025-03-02T17:00,-3.1,23.2,0,1,57300
2025-03-02T18:00,-2,23.5,0,1,66500
2025-03-02T19:00,-1.6,24.5,0,2,67100
2025-03-02T20:00,-1.3,22.9,0,0,70800
2025-03-02T21:00,-1.9,23.7,0,0,77300
2025-03-02T22:00,-3.2,18.4,0,0,70400
2025-03-02T23:00,-4.1,12.3,0,0,68500
2025-03-03T00:00,-4.7,15.7,0,0,67000
2025-03-03T01:00,-5.1,11.2,0,0,59500
2025-03-03T02:00,-5.8,14,0,2,54100
2025-03-03T03:00,-6.8,15.9,0,0,46300
2025-03-03T04:00,-7.8,12.6,0,0,41000
2025-03-03T05:00,-8.3,12.3,0,0,38400
2025-03-03T06:00,-8.8,12.9,0,0,34800
2025-03-03T07:00,-9.2,10.7,0,0,42000
2025-03-03T08:00,-10,15.7,0,0,40800
2025-03-03T09:00,-10.7,14.7,0,1,37300
2025-03-03T10:00,-11,11.1,0,46,36000
2025-03-03T11:00,-11.5,9.8,0,4,36000
2025-03-03T12:00,-11.2,10.2,0,1,35300
2025-03-03T13:00,-9.9,15.5,0,7,35500
2025-03-03T14:00,-8.3,16.1,0,6,38300
2025-03-03T15:00,-6.5,13.3,0,3,43500
2025-03-03T16:00,-4.5,8.7,0,1,58200
2025-03-03T17:00,-3,11.4,0,1,62100
2025-03-03T18:00,-1.7,11,0,0,69800
2025-03-03T19:00,-0.6,11.7,0,1,75200
2025-03-03T20:00,-0.3,10.9,0,3,70600
2025-03-03T21:00,0,10.1,0,1,76000
2025-03-03T22:00,-0.4,11.3,0,0,76700
2025-03-03T23:00,-2.7,6.6,0,3,75900
2025-03-04T00:00,-3.1,11.7,0,13,81500
2025-03-04T01:00,-4.3,5.2,0,6,77900
2025-03-04T02:00,-4.6,4.3,0,0,69900
2025-03-04T03:00,-5.5,4.1,0,8,68700
2025-03-04T04:00,-5.6,2.4,0,12,61300
2025-03-04T05:00,-5.2,3.6,0,14,56800
2025-03-04T06:00,-4.7,4.7,0,36,55000
2025-03-04T07:00,-4.5,6.2,0,13,60900
2025-03-04T08:00,-4.8,4.7,0,9,44500
2025-03-04T09:00,-4.7,3.5,0,7,50800
2025-03-04T10:00,-4.6,5.8,0,4,41600
2025-03-04T11:00,-4.8,6.4,0,6,27700
2025-03-04T12:00,-4.3,6.3,0,18,23000
2025-03-04T13:00,0.7,12.8,0,32,27400
2025-03-04T14:00,3.9,19.5,0,48,45100
2025-03-04T15:00,5.5,23.2,0,1,55100
2025-03-04T16:00,6.6,26.6,0,3,54800
2025-03-04T17:00,8,26.2,0,24,56500
2025-03-04T18:00,9.6,27.2,0,0,62500
2025-03-04T19:00,10.1,26.2,0,7,55500
2025-03-04T20:00,10.3,24.8,0,3,59400
2025-03-04T21:00,10,22.4,0,4,47100
2025-03-04T22:00,9,22,0,99,41900
2025-03-04T23:00,7.2,20.1,0,46,31700
2025-03-05T00:00,6.7,16.6,0,42,28800
2025-03-05T01:00,5.9,13.4,0,48,29800
2025-03-05T02:00,5.2,16.5,0,87,25800
2025-03-05T03:00,5.8,11.7,0,83,25400
2025-03-05T04:00,5.6,13.3,0,0,28200
2025-03-05T05:00,5.8,16.1,0,0,31100
2025-03-05T06:00,6.2,12.7,0,0,28900
2025-03-05T07:00,5.5,11.1,0,0,30200
2025-03-05T08:00,4.7,9.4,0,0,24100
2025-03-05T09:00,5.1,12.2,0,7,18200
2025-03-05T10:00,5.3,10.4,0,3,18100
2025-03-05T11:00,4.8,5.4,0,98,17200
2025-03-05T12:00,5.6,13.7,0,98,15700
2025-03-05T13:00,9,13,0,100,16000
2025-03-05T14:00,10.1,21,0.1,99,19300
2025-03-05T15:00,10.4,19.8,0,100,16700
2025-03-05T16:00,12.3,27,0,99,21600
2025-03-05T17:00,14.1,25.3,0,100,30200
2025-03-05T18:00,14,26.7,0,98,31900
2025-03-05T19:00,14,26.3,0,100,30800
2025-03-05T20:00,13.6,24.1,0,99,29100
2025-03-05T21:00,14.4,27.2,0,100,32400
2025-03-05T22:00,13.6,25.1,0,99,31400
2025-03-05T23:00,12.3,16.1,0,99,30500
2025-03-06T00:00,11.4,17.3,0,98,21400
2025-03-06T01:00,11,14.2,0,98,18700
2025-03-06T02:00,10.3,14.3,0.1,100,14200
2025-03-06T03:00,10.2,17.7,0.3,100,13100
2025-03-06T04:00,10.5,15.5,1,100,13800
2025-03-06T05:00,10.8,21.4,3.6,100,10500
2025-03-06T06:00,11.9,29.2,0.8,100,15100
2025-03-06T07:00,12.3,28.1,0,100,15500
2025-03-06T08:00,12.6,23.1,0.5,100,4600
2025-03-06T09:00,12.7,24.6,1.8,100,15200
2025-03-06T10:00,12.4,23.4,1,100,12500
2025-03-06T11:00,12.1,21.8,0,100,14700
2025-03-06T12:00,11.2,7.8,0,100,13900
2025-03-06T13:00,11,8.3,0,100,13400
2025-03-06T14:00,11.3,8.4,0,100,3200
2025-03-06T15:00,11.7,9.7,0,100,13900
2025-03-06T16:00,12.6,9.9,0,100,16400
2025-03-06T17:00,12,8,0,100,14500
2025-03-06T18:00,13.2,10.9,0,100,17000
2025-03-06T19:00,13,8.3,0,96,15800
2025-03-06T20:00,13.8,9.5,0,96,17900
2025-03-06T21:00,13.5,6.9,0,100,18500
2025-03-06T22:00,12.1,4.7,0,100,21300
2025-03-06T23:00,10.7,11.9,1,100,19800
2025-03-07T00:00,8,21.7,0.1,100,15800
2025-03-07T01:00,6.1,18.7,1.3,100,5100
2025-03-07T02:00,5.3,27.8,0.3,100,24700
2025-03-07T03:00,3.9,20.3,0,100,25000
2025-03-07T04:00,2.7,24.1,0,100,28100
2025-03-07T05:00,1.1,29.9,0,100,25200
2025-03-07T06:00,0.5,27.4,0,11,32300
2025-03-07T07:00,0.2,28.8,0,9,33100
2025-03-07T08:00,-0.2,29.5,0,61,35900
2025-03-07T09:00,-0.7,34,0,92,43300
2025-03-07T10:00,-1.8,38.8,0,20,45800
2025-03-07T11:00,-2.4,36.6,0,4,43600
2025-03-07T12:00,-2,36.4,0,2,45100
2025-03-07T13:00,-1.1,31.1,0,42,45400
2025-03-07T14:00,0.5,36.6,0,0,51400
2025-03-07T15:00,2.8,36.4,0,18,60300
2025-03-07T16:00,4.8,39.9,0,33,63600
2025-03-07T17:00,5.8,42.6,0,28,64000
2025-03-07T18:00,6.2,44,0,46,60900
2025-03-07T19:00,6,40.1,0,56,56200
2025-03-07T20:00,5.5,37.4,0,41,61500
2025-03-07T21:00,4.9,38.9,0,38,64100
2025-03-07T22:00,4,32.2,0,53,57600
2025-03-07T23:00,2.6,33.3,0,12,57800
2025-03-08T00:00,1.7,27.2,0,0,51300
2025-03-08T01:00,1.3,27.2,0,0,58700
2025-03-08T02:00,0.8,28.1,0,0,55500
2025-03-08T03:00,0.4,25.7,0,3,55800
2025-03-08T04:00,0.1,19.9,0,6,52500
2025-03-08T05:00,0.1,22.4,0,14,54800
2025-03-08T06:00,-0.3,20.8,0,0,50300
2025-03-08T07:00,-0.6,15.9,0,0,47000
2025-03-08T08:00,-0.4,15.5,0,0,48000
2025-03-08T09:00,-1.4,13.3,0,0,46400
2025-03-08T10:00,-1.6,12.9,0,0,43200
2025-03-08T11:00,-1.7,10.5,0,0,43400
2025-03-08T12:00,-0.8,11.6,0,0,45800
2025-03-08T13:00,2.1,20,0,16,48800
2025-03-08T14:00,3.8,27.7,0,89,52600
2025-03-08T15:00,4.9,32.1,0,42,52100
2025-03-08T16:00,4.6,39.2,0,99,56600
2025-03-08T17:00,5,33.6,0,99,59200
2025-03-08T18:00,4.3,35.1,0,46,61700
2025-03-08T19:00,4.5,34.8,0,76,62000
2025-03-08T20:00,4,34.8,0,99,62200
2025-03-08T21:00,3.7,33.5,0,28,64600
2025-03-08T22:00,2.6,35.5,0,5,64600
2025-03-08T23:00,1.1,30.7,0,10,62800
2025-03-09T00:00,0.4,18.7,0,0,60300
2025-03-09T01:00,0.3,20.7,0,0,62000
2025-03-09T02:00,-0.1,19.9,0,0,65600
2025-03-09T03:00,-0.6,17,0,0,56000
2025-03-09T04:00,-0.8,15.4,0,0,55600
2025-03-09T05:00,-1,17.5,0,0,46000
2025-03-09T06:00,-0.8,17.7,0,0,43500
2025-03-09T07:00,-0.9,15.5,0,0,41200
2025-03-09T08:00,-1.3,13.4,0,0,46000
2025-03-09T09:00,-1.2,13.4,0,0,36200
2025-03-09T10:00,-1.2,13.2,0,0,35900
2025-03-09T11:00,-1.4,12.1,0,0,35000
2025-03-09T12:00,-1,14.2,0,0,36700
2025-03-09T13:00,0.2,16.6,0,0,39400
2025-03-09T14:00,2,17.3,0,1,40900
2025-03-09T15:00,3.8,16.3,0,3,45300
2025-03-09T16:00,5.6,19.9,0,13,56500
2025-03-09T17:00,6.7,21.7,0,37,54000
2025-03-09T18:00,7.6,25.1,0,30,58300
2025-03-09T19:00,7.9,25.1,0,41,56400
2025-03-09T20:00,7,26.3,0,99,55400
2025-03-09T21:00,7,23.8,0,38,56600
2025-03-09T22:00,6.3,24.4,0,24,54600
2025-03-09T23:00,5.2,20.3,0,19,56200
2025-03-10T00:00,4.3,12.6,0,0,55900
2025-03-10T01:00,2.6,6.8,0,0,43900
2025-03-10T02:00,2.1,9.7,0,0,50800
2025-03-10T03:00,1.2,4.2,0,0,48600
2025-03-10T04:00,-0.2,5.8,0,0,47900
2025-03-10T05:00,-1.1,3.2,0,0,48600
2025-03-10T06:00,-1.3,7.6,0,5,42300
2025-03-10T07:00,-1.2,7.7,0,15,38300
2025-03-10T08:00,0.6,7.6,0,98,36400
2025-03-10T09:00,1.4,8.6,0,76,43300
2025-03-10T10:00,1.7,12.1,0,12,45500
2025-03-10T11:00,1.8,15.3,0,0,48700
2025-03-10T12:00,3.7,17.1,0,0,53500
2025-03-10T13:00,7.3,18.5,0,0,52900
2025-03-10T14:00,10.4,26.4,0,0,53200
2025-03-10T15:00,12.3,28.2,0,0,57700
2025-03-10T16:00,13.1,26.7,0,1,58600
2025-03-10T17:00,14.3,22.4,0,0,63100
2025-03-10T18:00,15.2,21.9,0,0,69400
2025-03-10T19:00,15.9,22.7,0,33,74700
2025-03-10T20:00,16.2,19.8,0,0,82300
2025-03-10T21:00,15.7,14.8,0,0,81800
2025-03-10T22:00,14.7,11.9,0,0,84900
2025-03-10T23:00,13.1,8.1,0,0,89200
2025-03-11T00:00,10.5,4,0,0,88500
2025-03-11T01:00,9.6,4.7,0,0,90000
2025-03-11T02:00,5.8,4.3,0,0,65400
2025-03-11T03:00,4.4,4.3,0,0,48200
2025-03-11T04:00,3.4,3.8,0,0,40600
2025-03-11T05:00,1.9,1.6,0,3,21600
2025-03-11T06:00,2.9,1.5,0,0,57600
2025-03-11T07:00,1.7,5.2,0,0,60200
2025-03-11T08:00,0.8,6,0,0,41100
2025-03-11T09:00,0.7,4.7,0,0,27400
2025-03-11T10:00,-0.7,5.2,0,1,18700
2025-03-11T11:00,-1.5,2.9,0,5,19200
2025-03-11T12:00,0.9,8.4,0,2,17500
2025-03-11T13:00,5.2,8.6,0,2,19800
2025-03-11T14:00,10.3,14,0,2,26700
2025-03-11T15:00,14.1,17,0,0,50800
2025-03-11T16:00,16,24.2,0,0,56000
2025-03-11T17:00,17.4,23.8,0,0,69200
2025-03-11T18:00,17.6,27,0,0,69400
2025-03-11T19:00,17.9,27,0,0,72800
2025-03-11T20:00,17.4,26.6,0,0,74100
2025-03-11T21:00,16.3,25.2,0,0,75800
2025-03-11T22:00,15,23.1,0,0,60700
2025-03-11T23:00,12.6,20.2,0,0,56700
2025-03-12T00:00,11.3,19.7,0,0,46300
2025-03-12T01:00,10.5,16.2,0,0,40200
2025-03-12T02:00,10.2,15.6,0,50,33500
2025-03-12T03:00,9.5,14.3,0,0,35800
2025-03-12T04:00,10,17.8,0,48,43500
2025-03-12T05:00,8.7,12.2,0,15,28700
2025-03-12T06:00,8.3,8.5,0,0,38900
2025-03-12T07:00,7.9,15.6,0,16,47800
2025-03-12T08:00,8.7,19,0,0,61900
2025-03-12T09:00,6.6,11.6,0,0,46200
2025-03-12T10:00,5.8,10.8,0,12,44100
2025-03-12T11:00,5.4,14.6,0,38,41900
2025-03-12T12:00,5.1,15.8,0,24,50000
2025-03-12T13:00,5.2,19.1,0,98,60700
2025-03-12T14:00,5.8,20.4,0,5,67000
2025-03-12T15:00,7,15.8,0,0,78500
2025-03-12T16:00,7.8,14,0,0,73900
2025-03-12T17:00,7.9,9,0,0,63500
2025-03-12T18:00,6.6,14.4,0,1,51100
2025-03-12T19:00,5.6,16.9,0,2,42800
2025-03-12T20:00,4.6,16.1,0,5,31500
2025-03-12T21:00,4.1,13.9,0,17,27800
2025-03-12T22:00,3.2,11.7,0,9,28500
2025-03-12T23:00,2.8,10.8,0,51,35600
2025-03-13T00:00,2.9,10.2,0,98,41000
2025-03-13T01:00,3,6.6,0,98,43400
2025-03-13T02:00,3.3,3.9,0,99,56000
2025-03-13T03:00,2.3,7.8,0,99,33500
2025-03-13T04:00,1.1,8.3,0,99,16000
2025-03-13T05:00,0.5,7.8,0,93,17400
2025-03-13T06:00,0.2,3.8,0,15,16600
2025-03-13T07:00,0,3.1,0,81,15200
2025-03-13T08:00,0.4,2,0,20,17100
2025-03-13T09:00,0.2,2.5,0,99,20000
2025-03-13T10:00,-0.1,5.8,0,21,18000
2025-03-13T11:00,-0.3,4.8,0,98,15800
2025-03-13T12:00,1.5,7.2,0,62,19700
2025-03-13T13:00,4.3,16.6,0,30,41600
2025-03-13T14:00,5.2,19.7,0,98,47600
2025-03-13T15:00,5.8,18.4,0,98,44700
2025-03-13T16:00,6.2,17.2,0,98,44000
2025-03-13T17:00,6.1,20.2,0,98,28400
2025-03-13T18:00,6.6,17.2,0,5,41100
2025-03-13T19:00,5.8,20.2,0,51,23700
2025-03-13T20:00,5,20.4,0,47,23000
2025-03-13T21:00,4.6,18,0,8,25400
2025-03-13T22:00,3.6,16.9,0,15,26300
2025-03-13T23:00,2.3,11.2,0,5,25300
2025-03-14T00:00,2.1,8,0,5,24100
2025-03-14T01:00,1.2,7.2,0,6,21100
2025-03-14T02:00,0.9,5.1,0,100,21500
2025-03-14T03:00,2.4,7,0,100,19000
2025-03-14T04:00,1.9,5.2,0,100,19800
2025-03-14T05:00,2.8,6.6,0,100,18900
2025-03-14T06:00,2.5,6.1,0,100,15500
2025-03-14T07:00,2.4,5.8,0,38,16900
2025-03-14T08:00,0.5,7.8,0,100,17600
2025-03-14T09:00,1.1,6.3,0,100,14000
2025-03-14T10:00,1.3,4,0,100,17100
2025-03-14T11:00,1.4,6,0,100,15500
2025-03-14T12:00,2.4,6.6,0,100,200
2025-03-14T13:00,4.1,5.1,0,100,18600
2025-03-14T14:00,5.7,6.6,0,100,20300
2025-03-14T15:00,6.9,7.5,0,100,22200
2025-03-14T16:00,7.8,8,0,28,23500
2025-03-14T17:00,8.3,9.8,0,6,23400
2025-03-14T18:00,8.8,10,0,6,25400
2025-03-14T19:00,9,13,0,8,25800
2025-03-14T20:00,8.9,11.9,0,3,25500
2025-03-14T21:00,7.6,12.8,0,3,21100
2025-03-14T22:00,5.3,11.2,0,3,17800
2025-03-14T23:00,4.2,8.8,0,14,17500
2025-03-15T00:00,3.7,6.9,0,2,17000
2025-03-15T01:00,3.1,8.5,0,7,16500
2025-03-15T02:00,2.6,5.7,0,11,18200
2025-03-15T03:00,2,6.1,0,92,19700
2025-03-15T04:00,1.9,5.4,0,86,19400
2025-03-15T05:00,1.7,5.8,0,47,18500
2025-03-15T06:00,1.3,4.1,0,62,15900
2025-03-15T07:00,1.2,0.7,0,36,16200
2025-03-15T08:00,1.3,6.1,0,43,14400
2025-03-15T09:00,2,2.6,0,4,13500
2025-03-15T10:00,2.6,6.6,0,100,13800
2025-03-15T11:00,3.1,5.8,0,100,12400
2025-03-15T12:00,4.3,4,0,100,100
2025-03-15T13:00,5.7,11.5,0,100,12200
2025-03-15T14:00,6.7,14.2,0,100,12800
2025-03-15T15:00,7.7,13.7,0,100,14200
2025-03-15T16:00,10.9,12.6,0,100,18700
2025-03-15T17:00,13.5,13.4,0,17,27500
2025-03-15T18:00,15.3,14.1,0,6,37100
2025-03-15T19:00,16.3,16.8,0,1,47000
2025-03-15T20:00,16.9,16.3,0,1,41900
2025-03-15T21:00,16,15.3,0,0,40700
2025-03-15T22:00,13.1,16.4,0,2,33200
2025-03-15T23:00,10.8,15.3,0,99,23900
2025-03-16T00:00,9.1,13.8,0,99,19100
2025-03-16T01:00,8.2,12.2,0,33,16400
2025-03-16T02:00,8.2,13.6,0,100,15200
2025-03-16T03:00,8.1,14.8,0,100,13900
2025-03-16T04:00,8.1,9.8,0,100,12900
2025-03-16T05:00,7.9,11.9,0,100,12600
2025-03-16T06:00,8.4,10.9,0,100,200
2025-03-16T07:00,8.7,8.6,0,100,12600
2025-03-16T08:00,8.6,4.3,0,100,100
2025-03-16T09:00,8.7,7.2,0,100,100
2025-03-16T10:00,8.8,3.4,0,100,100
2025-03-16T11:00,8.8,4.8,0,100,100
2025-03-16T12:00,10,7.8,0,100,200
2025-03-16T13:00,11.5,12.1,0,100,200
2025-03-16T14:00,13,14.5,0,100,3200
2025-03-16T15:00,15.3,19.9,0,100,13900
2025-03-16T16:00,16.7,21.6,0,100,15900
2025-03-16T17:00,18.3,22.7,0,100,18400
2025-03-16T18:00,19.6,25.6,0,100,20100
2025-03-16T19:00,20.7,30.6,0,100,25800
2025-03-16T20:00,20.2,31.5,0,99,25700
2025-03-16T21:00,19.5,26.7,0,99,22700
2025-03-16T22:00,17.9,29.2,0,100,19600
2025-03-16T23:00,16.7,28.8,0,100,17700
2025-03-17T00:00,16.6,26.3,0,100,17400
2025-03-17T01:00,16.1,29.2,0,100,17200
2025-03-17T02:00,15.9,31,0,100,15900
2025-03-17T03:00,15.8,28.1,0,100,15700
2025-03-17T04:00,15.4,26.8,0,100,14200
2025-03-17T05:00,15.3,28.8,1,100,15900
2025-03-17T06:00,15.2,18.6,1.4,100,13900
2025-03-17T07:00,15.1,24.4,1.3,100,7100
2025-03-17T08:00,15,21.1,2.8,100,2500
2025-03-17T09:00,14.2,19.1,16.1,100,5600
2025-03-17T10:00,13.8,8,1.2,100,8300
2025-03-17T11:00,13.3,10.1,0.7,100,13100
2025-03-17T12:00,13.2,6.2,1.4,100,12200
2025-03-17T13:00,13,3.8,2.8,100,12200
2025-03-17T14:00,13.1,8.9,0.8,100,11600
2025-03-17T15:00,12.9,14.7,2.9,100,12600
2025-03-17T16:00,13.8,8.7,1,100,12700
2025-03-17T17:00,15.2,6.6,0,100,14700
2025-03-17T18:00,15,7.7,0,100,14400
2025-03-17T19:00,14.6,8.2,0,100,14500
2025-03-17T20:00,15.3,9.8,0,100,14800
2025-03-17T21:00,13.6,11.8,0.8,100,15500
2025-03-17T22:00,9.6,24.2,0.8,100,16200
2025-03-17T23:00,8.2,19.5,0,100,12400
2025-03-18T00:00,7.8,19,0.4,100,17900
2025-03-18T01:00,7,21.9,0,100,17100
2025-03-18T02:00,6.4,12.5,0.2,100,18400
2025-03-18T03:00,6,14.1,0.2,100,19200
2025-03-18T04:00,5.3,15.8,0,100,20200
2025-03-18T05:00,4.9,15.3,0,100,19800
2025-03-18T06:00,4.3,18.8,0,100,19400
2025-03-18T07:00,3.8,20.4,0,100,20000
2025-03-18T08:00,3.4,18.4,0,100,21100
2025-03-18T09:00,3,17.4,0,100,21500
2025-03-18T10:00,2.7,16.1,0,100,21600
2025-03-18T11:00,2.4,17.8,0,100,24600
2025-03-18T12:00,2.9,11.5,0,98,24500
2025-03-18T13:00,3.9,14.8,0,98,27200
2025-03-18T14:00,5.7,17.7,0,98,34300
2025-03-18T15:00,6.9,19.1,0,98,51000
2025-03-18T16:00,8.4,18.1,0,98,53100
2025-03-18T17:00,9.4,15.2,0,98,53000
2025-03-18T18:00,10,15.2,0,98,60300
2025-03-18T19:00,10.8,12.6,0,98,61100
2025-03-18T20:00,10.2,12.9,0,98,63600
2025-03-18T21:00,8.4,11.4,0,98,59800
2025-03-18T22:00,7.2,11.8,0,98,48600
2025-03-18T23:00,5.2,3.1,0,36,30200
2025-03-19T00:00,4.3,1.9,0,98,31200
2025-03-19T01:00,4.1,3.6,0,56,45300
2025-03-19T02:00,3,5.4,0,21,29800
2025-03-19T03:00,2.7,5.6,0,0,31000
2025-03-19T04:00,1.9,4.8,0,0,28000
2025-03-19T05:00,1.3,2.1,0,0,23700
2025-03-19T06:00,0.6,5.2,0,2,20300
2025-03-19T07:00,0,4.3,0,6,15800
2025-03-19T08:00,0.3,4.7,0,74,17100
2025-03-19T09:00,0.2,5.5,0,78,18200
2025-03-19T10:00,0.1,5.7,0,3,17000
2025-03-19T11:00,0.2,2.3,0,1,16200
2025-03-19T12:00,1.6,6.5,0,7,16200
2025-03-19T13:00,4.9,7.9,0,11,19500
2025-03-19T14:00,7.1,7.1,0,19,21900
2025-03-19T15:00,8.4,7.4,0,8,23800
2025-03-19T16:00,8.3,12.9,0,16,17600
2025-03-19T17:00,8.3,12.5,0,55,15700
2025-03-19T18:00,8,13.8,0,19,17100
2025-03-19T19:00,7.2,14.2,0,100,1500
2025-03-19T20:00,6.2,13.9,0,100,200
2025-03-19T21:00,4.7,12.8,0,100,200
2025-03-19T22:00,4.3,9.9,0,100,200
2025-03-19T23:00,3.6,10.5,0,100,200
2025-03-20T00:00,3.3,10.4,0,100,100
2025-03-20T01:00,3.2,11.3,0,100,200
2025-03-20T02:00,3.3,10.5,0,100,100
2025-03-20T03:00,3.2,8.6,0,100,3000
2025-03-20T04:00,3.4,6.4,0,100,3000
2025-03-20T05:00,3.5,3.9,0,100,1300
2025-03-20T06:00,3.2,4.6,0,100,1500
2025-03-20T07:00,3.3,5.4,0,100,1800
2025-03-20T08:00,3.6,4.9,0,100,1500
2025-03-20T09:00,3.5,6.2,0,100,1400
2025-03-20T10:00,3.8,5.4,0,100,1000
2025-03-20T11:00,3.9,5.2,0,100,8300
2025-03-20T12:00,4.2,3.2,0.1,100,12200
2025-03-20T13:00,4.7,8,0,100,500
2025-03-20T14:00,5.2,7,0,100,200
2025-03-20T15:00,5.9,5.8,0,100,200
2025-03-20T16:00,6.8,5.7,0,100,200
2025-03-20T17:00,7.3,9.6,0,100,200
2025-03-20T18:00,8.1,11,0,100,200
2025-03-20T19:00,8.2,11.2,0,100,200
2025-03-20T20:00,8.9,9.4,0,100,12200
2025-03-20T21:00,9.5,10.2,0,100,13200
2025-03-20T22:00,9.9,6.3,0,99,14200
2025-03-20T23:00,10.7,10.8,0,100,14700
2025-03-21T00:00,10,11.5,0,100,13200
2025-03-21T01:00,9.2,8.9,0,100,13500
2025-03-21T02:00,8.7,8.8,0,100,200
2025-03-21T03:00,8.4,6.5,0,100,200
2025-03-21T04:00,7.5,8.5,0,100,200
2025-03-21T05:00,7.1,3.2,0,100,200
2025-03-21T06:00,6.5,10.3,0,100,200
2025-03-21T07:00,6.3,7.3,0,100,200
2025-03-21T08:00,5.8,4.2,0,100,200
2025-03-21T09:00,6.1,4,2.5,100,4800
2025-03-21T10:00,5.9,2.3,0.1,100,200
2025-03-21T11:00,6.3,11.9,0.6,100,6600
2025-03-21T12:00,7,20.7,0.2,100,12900
2025-03-21T13:00,6.1,26.4,0.6,100,4200
2025-03-21T14:00,6.1,22.6,0.2,100,14400
2025-03-21T15:00,6.8,33.8,0,100,21100
2025-03-21T16:00,7.6,31.7,0,100,26000
2025-03-21T17:00,6.1,33.7,0,100,29800
2025-03-21T18:00,5.7,32.6,0,100,32000
2025-03-21T19:00,5.7,32.7,0,100,34900
2025-03-21T20:00,6.1,34.6,0,22,38600
2025-03-21T21:00,6.7,37.7,0,100,47800
2025-03-21T22:00,6.2,32.4,0,0,48700
2025-03-21T23:00,6.1,37.2,0,0,66500
2025-03-22T00:00,5.8,31.1,0,0,74900
2025-03-22T01:00,5.7,25.7,0,0,75200
2025-03-22T02:00,5.1,22,0,0,74700
2025-03-22T03:00,4.6,20.5,0,0,74500
2025-03-22T04:00,4.2,16.6,0,0,69000
2025-03-22T05:00,4.3,17.8,0,0,66500
2025-03-22T06:00,3.9,13.8,0,0,58000
2025-03-22T07:00,3.1,13.3,0,0,55700
2025-03-22T08:00,2.9,13.7,0,0,57900
2025-03-22T09:00,2.3,8.9,0,0,54800
2025-03-22T10:00,2,13.2,0,0,54400
2025-03-22T11:00,2.1,12.8,0,0,60100
2025-03-22T12:00,4.4,13,0,5,61100
2025-03-22T13:00,6.6,17.1,0,97,64200
2025-03-22T14:00,9.4,15.5,0,0,66900
2025-03-22T15:00,12.4,17.7,0,0,76900
2025-03-22T16:00,14.5,21.7,0,1,77100
2025-03-22T17:00,15.6,23.2,0,0,78300
2025-03-22T18:00,16.8,26.2,0,0,79400
2025-03-22T19:00,17.3,27.9,0,14,83600
2025-03-22T20:00,17.3,26.9,0,83,75700
2025-03-22T21:00,15.9,27.2,0,99,69300
2025-03-22T22:00,14.9,23.7,0,31,77100
2025-03-22T23:00,13.5,14.3,0,10,77300
2025-03-23T00:00,12.7,9.9,0,0,71600
2025-03-23T01:00,12,18.1,0,88,57800
2025-03-23T02:00,8.2,25.3,0,99,24400
2025-03-23T03:00,6.8,30.7,0,0,47000
2025-03-23T04:00,4.3,28.5,0,0,49800
2025-03-23T05:00,2.8,30.1,0,0,47000
2025-03-23T06:00,2.3,28.8,0,0,49500
2025-03-23T07:00,1.1,23.4,0,0,43700
2025-03-23T08:00,-0.1,26,0,0,46100
2025-03-23T09:00,-0.9,21,0,0,46500
2025-03-23T10:00,-1.6,24.1,0,9,49300
2025-03-23T11:00,-2.1,22.4,0,3,49400
2025-03-23T12:00,-1.7,26.6,0,3,58600
2025-03-23T13:00,-1,28.5,0,2,58800
2025-03-23T14:00,0.3,28.3,0,100,62300
2025-03-23T15:00,1.6,27,0,1,62900
2025-03-23T16:00,2.7,26.4,0,0,68800
2025-03-23T17:00,3.9,24.5,0,1,69900
2025-03-23T18:00,5.4,24.8,0,0,76200
2025-03-23T19:00,6.2,22.5,0,0,73500
2025-03-23T20:00,6.8,19.4,0,0,77900
2025-03-23T21:00,6.7,18,0,0,84500
2025-03-23T22:00,5.9,16.6,0,0,83800
2025-03-23T23:00,4.3,12.5,0,100,81500
2025-03-24T00:00,2.6,9.9,0,0,78700
2025-03-24T01:00,1.3,4.8,0,15,81300
2025-03-24T02:00,0.4,5.2,0,60,72700
2025-03-24T03:00,0.1,0.7,0,2,70400
2025-03-24T04:00,0.2,5.4,0,20,64900
2025-03-24T05:00,-0.4,5.8,0,14,62100
2025-03-24T06:00,-0.5,1.6,0,99,57900
2025-03-24T07:00,0.3,2.5,0,75,63000
2025-03-24T08:00,0.2,2.7,0,7,58400
2025-03-24T09:00,0.1,7.7,0,97,40800
2025-03-24T10:00,0.3,9,0,89,55300
2025-03-24T11:00,0.5,10,0,100,27400
2025-03-24T12:00,2.2,14.9,0,100,27200
2025-03-24T13:00,3.3,15.2,0,100,22500
2025-03-24T14:00,4.1,15.6,0,100,22900
2025-03-24T15:00,3.1,17.8,0.4,100,19400
2025-03-24T16:00,2.8,9.7,1.7,100,8600
2025-03-24T17:00,3.2,11.4,1.7,100,10700
2025-03-24T18:00,3.8,10.3,1.7,100,5200
2025-03-24T19:00,4.6,10.4,3.1,100,5200
2025-03-24T20:00,4.9,4,2,100,5300
2025-03-24T21:00,4.4,13.5,3.5,100,3300
2025-03-24T22:00,4.5,6.1,1.1,100,10300
2025-03-24T23:00,4.5,12.2,1.3,100,3200
2025-03-25T00:00,4.5,8.3,1.2,100,12500
2025-03-25T01:00,3.8,17,0,100,12200
2025-03-25T02:00,3.2,10.2,0,100,200
2025-03-25T03:00,3,9.8,0,100,200
2025-03-25T04:00,2.9,7.2,0,100,13100
2025-03-25T05:00,2.6,4,0,16,13500
2025-03-25T06:00,2.3,5.9,0,11,12800
2025-03-25T07:00,1.7,4.1,0,100,12200
2025-03-25T08:00,2.5,4.2,0,100,12900
2025-03-25T09:00,2.5,5.5,0,97,12700
2025-03-25T10:00,1.8,4,0,97,12900
2025-03-25T11:00,1.6,0.8,0,96,12300
2025-03-25T12:00,3.1,5.4,0,8,12200
2025-03-25T13:00,5.5,9.4,0,67,12600
2025-03-25T14:00,7.5,11.6,0,16,18300
2025-03-25T15:00,10.1,25.8,0,10,51500
2025-03-25T16:00,9.7,21.3,0,90,49900
2025-03-25T17:00,10.2,21.6,0,35,53400
2025-03-25T18:00,11,18,0,99,54900
2025-03-25T19:00,10.7,18.7,0,99,51900
2025-03-25T20:00,11.9,16.9,0,68,61100
2025-03-25T21:00,11.4,16.9,0,89,53600
2025-03-25T22:00,11.1,13.2,0,0,59200
2025-03-25T23:00,9.3,8.1,0,92,64600
2025-03-26T00:00,7,1.8,0,11,52800
2025-03-26T01:00,7.5,6.1,0,1,63100
2025-03-26T02:00,5.5,3.6,0,51,56000
2025-03-26T03:00,4.7,2.6,0,2,58600
2025-03-26T04:00,3.2,5.8,0,0,50600
2025-03-26T05:00,3,2.6,0,1,57400
2025-03-26T06:00,0.5,5.2,0,0,26400
2025-03-26T07:00,0.2,1.8,0,0,20800
2025-03-26T08:00,-0.2,3.9,0,0,21500
2025-03-26T09:00,0.4,1.8,0,14,24800
2025-03-26T10:00,0.4,1.4,0,82,22300
2025-03-26T11:00,0.1,6,0,8,20800
2025-03-26T12:00,2.9,6.5,0,0,30300
2025-03-26T13:00,6.3,1.8,0,64,62200
2025-03-26T14:00,7.1,10.4,0,0,51600
2025-03-26T15:00,8.9,6.4,0,63,61400
2025-03-26T16:00,9.9,5.4,0,21,64400
2025-03-26T17:00,11.2,1.9,0,50,65000
2025-03-26T18:00,10.9,4.6,0,42,53600
2025-03-26T19:00,10.5,10.3,0,42,54500
2025-03-26T20:00,7.9,17.7,0,99,46700
2025-03-26T21:00,7.7,13.5,0,98,44100
2025-03-26T22:00,6.7,12.2,0,9,26400
2025-03-26T23:00,6.1,7.6,0,99,27700
2025-03-27T00:00,4.5,4.8,0,35,22600
2025-03-27T01:00,4.2,1,0,100,19100
2025-03-27T02:00,4.8,10.9,0,100,40900
2025-03-27T03:00,5.2,17.7,0,20,55300
2025-03-27T04:00,3.9,15,0,98,44300
2025-03-27T05:00,3.5,18.7,0,92,49000
2025-03-27T06:00,2.5,16.9,0,8,46100
2025-03-27T07:00,1,11.9,0,0,33800
2025-03-27T08:00,0.5,11.5,0,0,36000
2025-03-27T09:00,-0.3,12.1,0,0,30700
2025-03-27T10:00,-0.8,11,0,0,32400
2025-03-27T11:00,-1,10.9,0,0,27000
2025-03-27T12:00,0.9,14.8,0,0,29900
2025-03-27T13:00,3,18.1,0,8,38300
2025-03-27T14:00,4.8,19.5,0,30,46900
2025-03-27T15:00,6.1,19.8,0,40,47800
2025-03-27T16:00,7.1,19.4,0,46,53100
2025-03-27T17:00,7.4,20.3,0,81,52500
2025-03-27T18:00,8.2,22.6,0,99,56400
2025-03-27T19:00,9,21,0,57,57300
2025-03-27T20:00,9.7,18.8,0,45,64800
2025-03-27T21:00,10,19.9,0,34,69600
2025-03-27T22:00,9.6,17.4,0,56,74300
2025-03-27T23:00,8.2,11.7,0,25,75400
2025-03-28T00:00,7,12,0,0,70900
2025-03-28T01:00,5.7,12,0,0,71900
2025-03-28T02:00,5.2,13.4,0,0,71600
2025-03-28T03:00,4.4,10.9,0,0,65400
2025-03-28T04:00,2.8,8,0,0,63700
2025-03-28T05:00,1.5,7.9,0,0,64900
2025-03-28T06:00,0.8,8.9,0,6,59800
2025-03-28T07:00,0.5,5.6,0,99,50800
2025-03-28T08:00,1.9,7.7,0,50,60700
2025-03-28T09:00,2.2,9.2,0,7,57800
2025-03-28T10:00,3.3,12.5,0,96,61700
2025-03-28T11:00,4.4,13.6,0,95,63400
2025-03-28T12:00,7,18.8,0,68,60600
2025-03-28T13:00,9.7,25.9,0,91,56700
2025-03-28T14:00,10.6,29.2,0,92,61100
2025-03-28T15:00,11.4,22.1,0,4,59900
2025-03-28T16:00,12.4,20.9,0,95,60600
2025-03-28T17:00,13.5,20.5,0,69,64600
2025-03-28T18:00,14.3,20.4,0,94,81200
2025-03-28T19:00,15.4,22.5,0,6,81600
2025-03-28T20:00,15.6,21.9,0,8,89100
2025-03-28T21:00,15.2,21,0,22,90000
2025-03-28T22:00,14.2,18.9,0,17,87400
2025-03-28T23:00,12.7,10.1,0,40,90000
2025-03-29T00:00,12.3,7.7,0,100,90000
2025-03-29T01:00,12.1,5.8,0,100,90000
2025-03-29T02:00,10.4,5.7,0,100,90000
2025-03-29T03:00,9.4,5.8,0,78,78700
2025-03-29T04:00,8.9,7.4,0,100,67600
2025-03-29T05:00,9.6,1.9,0,100,62900
2025-03-29T06:00,9.2,8.2,0,100,59400
2025-03-29T07:00,9.7,8.2,0,99,57300
2025-03-29T08:00,8.1,5.8,0,99,31200
2025-03-29T09:00,6.1,11.8,0.2,100,19400
2025-03-29T10:00,4.8,21.6,0.3,100,16000
2025-03-29T11:00,4,20,0.4,100,18900
2025-03-29T12:00,4,20.8,0,100,18700
2025-03-29T13:00,3.6,23.7,0,100,17000
2025-03-29T14:00,3.3,22.7,0,100,15300
2025-03-29T15:00,2.7,15,0,100,14000
2025-03-29T16:00,2.6,16.9,0,100,14400
2025-03-29T17:00,2.4,18.2,0,100,14700
2025-03-29T18:00,2.4,18.2,0,100,16000
2025-03-29T19:00,2.3,16.6,0,100,15600
2025-03-29T20:00,1.8,14.1,0,100,2000
2025-03-29T21:00,1.4,13.5,0.2,100,13900
2025-03-29T22:00,1.4,12.2,0,100,14300
2025-03-29T23:00,1.4,9.6,0,100,14700
2025-03-30T00:00,1.5,7.7,0,100,14600
2025-03-30T01:00,1.3,11.6,0,100,13900
2025-03-30T02:00,1.4,7.6,0,100,14000
2025-03-30T03:00,1.6,7.9,0,100,14600
2025-03-30T04:00,1.4,6.4,0,100,14000
2025-03-30T05:00,1.7,6.1,0,100,15600
2025-03-30T06:00,1.7,7.3,0,100,14400
2025-03-30T07:00,1.8,5.7,0,100,14900
2025-03-30T08:00,1.6,6.5,0.4,100,12800
2025-03-30T09:00,1.9,6.9,0.1,100,12500
2025-03-30T10:00,2.1,5.9,0,100,13400
2025-03-30T11:00,2.2,11.3,0.1,100,14200
2025-03-30T12:00,2.5,11.4,0,100,15400
2025-03-30T13:00,2.4,12.6,0.1,100,14200
2025-03-30T14:00,3,14,0,100,14600
2025-03-30T15:00,3.5,16.6,0,100,17300
2025-03-30T16:00,4.3,16,0,100,19900
2025-03-30T17:00,4.9,14,0,100,19400
2025-03-30T18:00,5,13.7,0,100,17900
2025-03-30T19:00,5.2,15.9,0,100,19000
2025-03-30T20:00,5.3,13.4,0,100,17300
2025-03-30T21:00,4.9,10.5,0,100,200
2025-03-30T22:00,4.7,7.5,0,100,16400
2025-03-30T23:00,4.4,9.2,0,100,200
2025-03-31T00:00,4.5,6.6,0,100,200
2025-03-31T01:00,4.6,6.5,0,100,200
2025-03-31T02:00,4.5,5.4,0,100,200
2025-03-31T03:00,4.5,2.5,0,100,100
2025-03-31T04:00,4.5,1.3,0,100,100
2025-03-31T05:00,4.5,2.6,0,100,100
2025-03-31T06:00,4.5,3.4,0,100,200
2025-03-31T07:00,4.6,2.3,0,100,200
2025-03-31T08:00,4.7,4.3,0,100,200
2025-03-31T09:00,4.8,3.7,0,100,200
2025-03-31T10:00,4.9,2.6,0,100,200
2025-03-31T11:00,5,1.9,0,100,100
2025-03-31T12:00,5.6,1.8,0,100,100
2025-03-31T13:00,7.2,1.1,0,100,1800
2025-03-31T14:00,11,7.1,0,100,200
2025-03-31T15:00,15.5,19.9,0,100,200
2025-03-31T16:00,16,25.2,0,100,14400
2025-03-31T17:00,17.3,26.6,0,100,17600
2025-03-31T18:00,16.8,25.4,0,100,16800
2025-03-31T19:00,16.4,21.3,0,100,16800
2025-03-31T20:00,16.5,20.9,0,100,15500
2025-03-31T21:00,16.2,19,0,100,15900
2025-03-31T22:00,16.1,18.7,0,100,16500
2025-03-31T23:00,15.2,12.2,0,100,17200
2025-04-01T00:00,14.2,12.3,0,100,13800
2025-04-01T01:00,14.2,12.7,0,100,14500
2025-04-01T02:00,13.9,14.5,0,100,13900
2025-04-01T03:00,14.2,14.4,0,100,15900
2025-04-01T04:00,13.8,10.9,0,98,14500
2025-04-01T05:00,13.6,4,1.5,100,10900
2025-04-01T06:00,13.6,15.5,2,100,13200
2025-04-01T07:00,13.6,7.6,3.1,100,12300
2025-04-01T08:00,13.2,11.1,0.3,99,12700
2025-04-01T09:00,11.7,18.1,0,100,17000
2025-04-01T10:00,9.9,24.1,0,100,17700
2025-04-01T11:00,7.7,23.7,0,100,19400
2025-04-01T12:00,6.4,21.7,0.2,99,21000
2025-04-01T13:00,5.9,25.9,0,99,23500
2025-04-01T14:00,7.3,26.4,0,6,27600
2025-04-01T15:00,7.8,29,0,7,33700
2025-04-01T16:00,8.5,27.9,0,5,42300
2025-04-01T17:00,9.9,26.4,0,7,52100
2025-04-01T18:00,11,26.3,0,10,53700
2025-04-01T19:00,11.5,24.5,0,7,62000
2025-04-01T20:00,11.8,23.1,0,7,63500
2025-04-01T21:00,11.4,23.3,0,4,68500
2025-04-01T22:00,10.6,20.7,0,0,67700
2025-04-01T23:00,8.9,15.8,0,5,68800
